"taxa","cluster","remove"
"MF143384",0,0
"MK540805",0,0
"MG562594",0,0
"MF143247",0,0
"KM594026",4396,1
"KM594028",4396,0
"JQ685955",4400,1
"JQ685903",4400,1
"JQ685914",4400,1
"JQ685924",4400,1
"JQ685948",4400,0
"JQ685958",4400,1
"JQ685907",4400,1
"JQ685941",4400,1
"JQ685896",4400,1
"JQ685915",4409,1
"JQ685916",4409,0
"JQ685902",4409,1
"JQ685910",4409,1
"JQ685947",4409,1
"JQ685919",4409,1
"JQ685900",4409,1
"JQ685895",4409,1
"JQ685922",4409,1
"KX148109",0,0
"KX148100",0,0
"OM971001",4420,0
"OM971002",4420,1
"KM594037",4421,1
"KM594038",4421,0
"KM594029",4422,1
"AB618032",4422,1
"KM594034",4422,0
"JQ685971",4424,1
"JQ685952",4424,1
"JQ685921",4424,0
"JQ685918",4424,1
"JQ685957",4424,1
"JQ685920",4424,1
"JQ685925",4424,1
"AB635373",0,0
"KX148245",4432,0
"KX148108",4432,1
"MN534894",4432,1
"GU345746",4436,1
"GU345747",4436,0
"KX148265",4436,1
"FJ712193",4436,1
"KJ564280",4436,1
"MK577649",4436,1
"KX148255",4443,0
"KX148257",4443,1
"LC717423",4444,0
"EU293111",4444,1
"MN726871",4446,1
"MN726880",4446,0
"MN857170",4446,1
"MN857171",4446,1
"KF620487",4450,0
"KF620488",4450,1
"KU946961",4451,1
"MG201921",4451,1
"KX148264",4451,1
"GU647092",4451,0
"FJ712196",4451,1
"KU055556",0,0
"KU055526",0,0
"KU055562",0,0
"KU055550",0,0
"EU827276",0,0
"EU478499",4473,1
"EU827271",4473,1
"EU478503",4473,1
"EU478504",4473,1
"EU478510",4473,1
"EU478523",4473,0
"KU739043",0,0
"KU739039",0,0
"KX148230",4479,1
"EU853645",4479,0
"EU888659",4482,1
"EU888660",4482,0
"EU478508",0,0
"FJ545674",0,0
"U22863",0,0
"EU514573",4489,1
"EU514574",4489,0
"EU478516",4490,1
"EU478500",4490,1
"EU478520",4490,1
"EU827272",4490,1
"EU827274",4490,0
"EU478493",4490,1
"EU827269",4490,1
"EU478494",4490,1
"EU478495",4490,1
"EU478496",4490,1
"EU478507",4490,1
"EU478514",4490,1
"EU827268",4490,1
"EU478512",4490,1
"EU478505",4490,1
"EU478501",4490,1
"EU478511",0,0
"EU478506",4502,1
"EU478513",4502,0
"EU478498",0,0
"MN196576",0,0
"EU478509",0,0
"EU827270",0,0
"EU478497",0,0
"KP976121",0,0
"EU478522",4507,1
"EU478519",4507,0
"EU478521",4507,1
"KX148231",0,0
"EU853650",0,0
"HM368102",4514,0
"HM368151",4514,1
"HM368153",4514,1
"HM368126",4514,1
"HM368131",4514,1
"HM368132",4514,1
"HM368139",4514,1
"HM368140",4514,1
"HM368146",4514,1
"HM368097",4514,1
"HM368118",4514,1
"HM368122",4514,1
"HM368125",4514,1
"EU478524",0,0
"KR080521",0,0
"EU853649",0,0
"EU853648",4519,1
"EU853646",4519,0
"EU853647",4519,1
"EU827277",0,0
"U22640",0,0
"EU888743",0,0
"FJ545678",0,0
"KX148229",0,0
"EU478517",4527,1
"EU827273",4527,0
"KC876039",0,0
"MT370506",4531,1
"MT370501",4531,1
"MT370503",4531,0
"MT370502",4531,1
"MT370507",4531,1
"MT370504",4531,1
"MT370505",4531,1
"EU514572",0,0
"EU514571",0,0
"EU827275",0,0
"KU739038",0,0
"FJ545668",0,0
"FJ545682",4543,0
"EU853642",4543,1
"EU853625",4544,0
"EU853626",4544,1
"FJ545664",0,0
"FJ545666",0,0
"EU853641",0,0
"EU853640",0,0
"U22914",0,0
"KX148238",4553,1
"KX148239",4553,0
"EU853637",4554,1
"EU853627",4554,1
"EU853635",4554,1
"MH514970",4554,1
"EU853636",4554,1
"MH514969",4554,1
"EU853634",4554,1
"EU853632",4554,1
"EU853630",4554,1
"EU853631",4554,1
"EU853633",4554,1
"EU853639",4554,1
"EU853638",4554,1
"MH514971",4554,1
"MH514977",4554,1
"MH514980",4554,1
"FJ545665",4554,1
"MH514979",4554,1
"MH514978",4554,1
"MH514976",4554,1
"MH514972",4554,1
"MH514981",4554,1
"MH514974",4554,1
"MH514973",4554,1
"EU853629",4554,1
"EU853628",4554,1
"MH514984",4554,1
"MH514975",4554,1
"MH514982",4554,1
"MH514983",4554,0
"MH514985",4554,1
"EU853643",4584,1
"EU853644",4584,0
"FJ545661",4584,1
"MH514968",4584,1
"U22915",0,0
"U22489",0,0
"EU853624",0,0
"KP976122",4590,1
"KP976125",4590,1
"EU853623",4590,1
"KP976130",4590,1
"KP976129",4590,1
"KP976126",4590,1
"KP976124",4590,1
"KP976127",4590,0
"KP976128",4590,1
"KP976123",4590,1
"EU853622",4590,1
"EU478502",4600,0
"EU478515",4600,1
"KP976113",0,0
"EU478492",4602,0
"EU478518",4602,1
"FJ545677",0,0
"EU853621",0,0
"KX148235",0,0
"MN049984",0,0
"AF325482",0,0
"GU815997",0,0
"FJ545672",0,0
"EU853614",0,0
"KU055538",0,0
"U22486",0,0
"KX148234",0,0
"U22646",0,0
"KP345881",0,0
"KP976118",4619,1
"KP976120",4619,0
"KP976119",4619,1
"U22652",0,0
"U22913",0,0
"HM368142",0,0
"EU853615",0,0
"EU853616",4626,1
"EU853617",4626,1
"EU853618",4626,1
"FJ545676",4626,1
"KX148232",4626,1
"EU853619",4626,1
"KX148233",4626,0
"FJ545659",4626,1
"FJ545684",4626,1
"U22639",0,0
"MK471249",0,0
"MH481708",4638,1
"MH481710",4638,1
"MH481709",4638,0
"EU888797",4640,1
"EU888740",4640,1
"EU888741",4640,1
"EU888763",4640,1
"EU888764",4640,1
"EU888775",4640,1
"EU888792",4640,1
"EU888744",4640,1
"EU888747",4640,1
"EU888773",4640,1
"EU888735",4640,1
"EU888748",4640,1
"EU888760",4640,1
"EU888798",4640,1
"EU888793",4640,1
"EU888730",4640,1
"EU888768",4640,1
"EU888746",4640,1
"EU888795",4640,1
"EU888796",4640,1
"EU888799",4640,1
"EU888800",4640,1
"EU888801",4640,1
"EU888802",4640,1
"FJ435707",4640,1
"FJ435708",4640,1
"FJ435709",4640,1
"FJ435710",4640,1
"FJ435711",4640,1
"FJ435712",4640,1
"EU888731",4640,1
"EU888732",4640,1
"EU888736",4640,1
"EU888737",4640,1
"EU888738",4640,1
"EU888739",4640,1
"EU888742",4640,1
"EU888749",4640,1
"EU888750",4640,1
"EU888751",4640,1
"EU888752",4640,1
"EU888753",4640,1
"EU888755",4640,1
"EU888756",4640,1
"EU888757",4640,1
"EU888758",4640,1
"EU888759",4640,1
"EU888761",4640,1
"EU888762",4640,1
"EU888765",4640,1
"EU888766",4640,1
"EU888767",4640,1
"EU888769",4640,1
"EU888771",4640,1
"EU888772",4640,1
"EU888774",4640,1
"EU888776",4640,0
"EU888777",4640,1
"EU888778",4640,1
"EU888779",4640,1
"EU888781",4640,1
"EU888782",4640,1
"EU888783",4640,1
"EU888784",4640,1
"EU888785",4640,1
"EU888786",4640,1
"EU888787",4640,1
"EU888789",4640,1
"EU888791",4640,1
"EU888794",4640,1
"FJ545681",0,0
"MN049980",0,0
"MN049979",0,0
"MK471246",0,0
"MH481713",4656,0
"MN049981",4656,1
"MH481711",4656,1
"MN049983",4656,1
"MN049982",4656,1
"MH481712",4656,1
"EU853620",0,0
"EU888770",4663,0
"EU888745",4663,1
"EU888754",4663,1
"EU888780",4663,1
"EU888788",4663,1
"MK471251",0,0
"EU514581",0,0
"KX148236",0,0
"EU853606",0,0
"EU888733",4672,1
"EU888734",4672,0
"EU514578",4673,0
"EU514579",4673,1
"EU514577",4673,1
"EU514576",4673,1
"EU514575",4673,1
"EU514580",4673,1
"KU739042",0,0
"KU055555",0,0
"EU853612",0,0
"EU853613",0,0
"KP976117",0,0
"EU853605",4683,0
"KP976116",4683,1
"EU853603",0,0
"EU853602",0,0
"EU853604",0,0
"EU853601",4686,1
"EU853596",4686,1
"EU853597",4686,1
"EU853598",4686,1
"EU853599",4686,1
"KP976114",4686,0
"KP976115",4686,1
"EU853600",4686,1
"MK471248",0,0
"EU853607",4692,1
"EU853608",4692,1
"EU853611",4692,1
"EU853609",4692,1
"EU853610",4692,1
"FJ545667",4692,1
"KX148237",4692,0
"FJ545669",4697,1
"FJ545670",4697,0
"U22485",0,0
"FJ545673",0,0
"KX148107",0,0
"HM368127",4705,1
"HM368152",4705,1
"HM368091",4705,1
"HM368093",4705,1
"HM368098",4705,1
"HM368124",4705,1
"HM368111",4705,1
"HM368154",4705,0
"HM368095",4705,1
"HM368116",4705,1
"HM368119",4705,1
"HM368100",4705,1
"AY103007",0,0
"EU888647",4715,0
"EU888648",4715,1
"AY854600",0,0
"KF022176",0,0
"AY103016",0,0
"AY103017",0,0
"AF369328",0,0
"KF734738",0,0
"KT119755",4719,1
"KF734723",4719,1
"KF734725",4719,1
"KF734727",4719,1
"KF734728",4719,1
"KF734736",4719,1
"KF734678",4719,1
"KF734681",4719,1
"KF734682",4719,1
"KF734686",4719,1
"KF734687",4719,1
"KF734688",4719,1
"KF734697",4719,1
"KF734698",4719,1
"KF734699",4719,1
"KF734700",4719,1
"KF734704",4719,1
"KF734706",4719,1
"KF734707",4719,1
"KF734708",4719,1
"KF734712",4719,1
"KF734714",4719,1
"KF734715",4719,1
"KF734716",4719,1
"KF734718",4719,1
"KF734720",4719,1
"KF734721",4719,1
"KF734722",4719,1
"EU853651",4719,1
"KT119754",4719,1
"KF734709",4719,1
"KF734710",4719,1
"KF734703",4719,0
"KF734705",4719,1
"U22644",0,0
"KT119779",0,0
"KT119774",0,0
"KT119767",0,0
"EU888675",4732,1
"EU038108",4732,1
"EU038109",4732,1
"KF022170",4732,1
"EU888714",4732,1
"KF022192",4732,1
"KF022190",4732,1
"EU888663",4732,1
"KF022172",4732,1
"KF022169",4732,0
"KF022171",4732,1
"EU888696",4732,1
"KJ921998",4732,1
"KJ922001",4732,1
"KJ922002",4732,1
"KJ921997",4732,1
"KJ922000",4732,1
"EU888803",0,0
"KR080522",4750,1
"EU888717",4750,1
"EU888720",4750,0
"LT909548",0,0
"EU853657",4754,0
"EU853655",4754,1
"EU853656",4754,1
"EU718774",4760,1
"EU718775",4760,1
"EU718778",4760,1
"EU718779",4760,1
"EU718780",4760,1
"EU718781",4760,1
"EU718782",4760,1
"EU718786",4760,1
"EU853653",4760,1
"KT119786",4760,0
"EU718767",4760,1
"KY124540",4765,1
"KY124541",4765,1
"KU564994",4765,1
"KU564999",4765,1
"KY124533",4765,1
"EU718763",4765,1
"KU564989",4765,1
"KY124536",4765,1
"KU564981",4765,1
"KY124538",4765,1
"EU718784",4765,1
"EU718787",4765,1
"EU718764",4765,1
"EU718769",4765,1
"EU718772",4765,1
"EU718773",4765,0
"EU718785",4765,1
"EU718770",4765,1
"EU718766",4765,1
"EU718768",4765,1
"EU888656",0,0
"KX148241",0,0
"KF734680",4778,1
"KT119769",4778,1
"KT119757",4778,1
"KT119766",4778,1
"KT119768",4778,1
"KT119770",4778,1
"KT119761",4778,1
"KT119658",4778,1
"KT119728",4778,1
"KT119756",4778,1
"KT119759",4778,1
"KT119762",4778,1
"KT119763",4778,1
"KT119764",4778,1
"KT119765",4778,1
"KT119760",4778,1
"KF734713",4778,1
"KF734717",4778,1
"KF734719",4778,1
"KF734724",4778,1
"KF734726",4778,0
"KF734730",4778,1
"KF734731",4778,1
"KF734732",4778,1
"KF734733",4778,1
"KF734737",4778,1
"KF734677",4778,1
"KF734679",4778,1
"KF734683",4778,1
"KF734684",4778,1
"KF734685",4778,1
"KF734689",4778,1
"KF734691",4778,1
"KF734692",4778,1
"KF734695",4778,1
"KF734701",4778,1
"KF734702",4778,1
"KF734711",4778,1
"KT119758",4778,1
"KF977826",4778,1
"MF538629",0,0
"KU564993",0,0
"KX148240",4787,1
"DQ275561",4787,1
"KT119778",4787,0
"EU853652",4787,1
"FJ545679",0,0
"EU888729",4792,0
"FJ435703",4792,1
"EU853654",0,0
"FJ545671",4795,1
"FJ545675",4795,1
"KX148243",4795,1
"KT119773",4795,0
"U22636",0,0
"U22635",0,0
"U22634",0,0
"KU055546",4801,1
"KU055547",4801,0
"EU038098",4808,1
"EU038096",4808,1
"EU038097",4808,1
"KF022174",4808,1
"KF022182",4808,1
"EU038099",4808,1
"KF022183",4808,1
"EU888681",4808,1
"EU888712",4808,1
"EU888713",4808,1
"EU888722",4808,0
"EU888708",4808,1
"KC196743",4808,1
"MN166229",4808,1
"EU038086",4820,1
"FJ435698",4820,1
"EU888652",4820,1
"EU888690",4820,1
"FJ435704",4820,1
"EU888710",4820,1
"EU038084",4820,1
"EU038085",4820,1
"EU038088",4820,1
"EU038089",4820,1
"FJ435696",4820,1
"KC876040",4820,1
"EU038087",4820,1
"KX874611",4820,1
"EU038106",4820,1
"EU038082",4820,1
"EU038083",4820,1
"EU038092",4820,1
"EU888665",4820,1
"EU888727",4820,1
"FJ435697",4820,1
"KX874609",4820,1
"EU888723",4820,1
"EU038090",4820,0
"EU888642",4820,1
"EU888701",4820,1
"EU038094",4820,1
"EU888671",4820,1
"EU888680",4820,1
"EU888706",4820,1
"EU888653",4820,1
"EU888658",4820,1
"MF773577",4820,1
"EU888664",4820,1
"EU888683",4820,1
"EU038102",4820,1
"EU888654",4820,1
"EU888657",4820,1
"EU888667",4820,1
"EU888672",4820,1
"EU888673",4820,1
"EU888674",4820,1
"EU888676",4820,1
"EU888677",4820,1
"EU888684",4820,1
"EU888686",4820,1
"EU888687",4820,1
"EU888691",4820,1
"EU888694",4820,1
"EU888698",4820,1
"EU888704",4820,1
"EU888705",4820,1
"EU888707",4820,1
"EU888709",4820,1
"EU888711",4820,1
"EU888715",4820,1
"EU888716",4820,1
"EU888718",4820,1
"EU888719",4820,1
"EU888725",4820,1
"EU888726",4820,1
"EU888728",4820,1
"FJ435695",4820,1
"FJ435699",4820,1
"FJ435702",4820,1
"FJ435706",4820,1
"EU888644",4820,1
"EU888646",4820,1
"EU888650",4820,1
"EU888651",4820,1
"MF773576",4820,1
"EU888661",4820,1
"MF773578",4820,1
"MK144831",4820,1
"MK144832",4820,1
"EU888669",4820,1
"FJ435701",4820,1
"KX874612",4820,1
"MF773571",4820,1
"EU888678",4820,1
"EU038104",4820,1
"MF773573",4820,1
"KX874610",4820,1
"EU888655",4820,1
"EU888699",4820,1
"EU888692",4820,1
"EU888693",4820,1
"EU888695",4820,1
"EU888697",4820,1
"EU888721",4820,1
"EU888689",4820,1
"EU888643",4820,1
"EU888670",4820,1
"EU888685",4820,1
"EU888688",4820,1
"EU038105",4820,1
"EU888668",4820,1
"EU038100",4820,1
"EU038101",4820,1
"EU038103",4820,1
"EU888645",4820,1
"MK144830",4820,1
"EU038091",4820,1
"EU888703",4820,1
"EU888702",4820,1
"EU888700",4820,1
"EU038095",4820,1
"EU888662",4820,1
"DQ275559",4883,1
"DQ275560",4883,0
"KU564983",4885,1
"KU564984",4885,1
"KU564986",4885,1
"KU564991",4885,1
"KU564987",4885,1
"KU564995",4885,1
"KY124537",4885,1
"KY124539",4885,1
"KU564980",4885,1
"KU564988",4885,1
"KU564982",4885,1
"KU564985",4885,1
"KU564992",4885,1
"KY124535",4885,1
"KU564996",4885,1
"KU564997",4885,1
"KU564998",4885,1
"KY124532",4885,0
"KY124534",4885,1
"KU564990",4885,1
"MK234794",0,0
"KX148242",0,0
"KT119784",0,0
"KF022179",4900,1
"KF022187",4900,1
"KF022184",4900,1
"KF022180",4900,1
"KF022178",4900,0
"KF022185",4900,1
"MF538630",4906,0
"MF577065",4906,1
"MF538631",4906,1
"KF022189",4908,1
"KF022191",4908,1
"KF022173",4908,0
"KF022175",4908,1
"KF022177",4908,1
"KF022188",4908,1
"KF022186",0,0
"EU718783",0,0
"EU718776",4912,0
"EU718777",4912,1
"EU718771",4912,1
"MF773572",4915,1
"FJ435700",4915,1
"MF773575",4915,1
"KR080523",4915,1
"KX874613",4915,1
"KJ921999",4915,1
"EU888649",4915,1
"EU888682",4915,1
"EU038093",4915,1
"EU888666",4915,0
"EU888724",4915,1
"KF022181",4915,1
"EU888679",0,0
"MF537576",4927,1
"MF537577",4927,1
"MF537580",4927,1
"MF537578",4927,1
"MF537579",4927,0
"MF773574",0,0
"MN196575",4931,1
"MN196573",4931,1
"MN196574",4931,1
"MN196565",4931,1
"MN196566",4931,1
"MN196567",4931,1
"MN196568",4931,0
"MN196572",4931,1
"MN196558",4931,1
"MN196559",4931,1
"MN196563",4931,1
"MN196560",4931,1
"MN196561",4931,1
"MN196562",4931,1
"MN196564",4931,1
"MN196571",4931,1
"MN196570",4931,1
"MN196569",4931,1
"FJ545662",0,0
"FJ545683",0,0
"KU055521",0,0
"KU055502",4946,1
"KU055528",4946,0
"KU055524",4946,1
"KU055529",0,0
"KU055539",0,0
"FJ545660",0,0
"MK471250",0,0
"FJ545663",0,0
"U22641",0,0
"FJ545685",0,0
"KX148244",4957,0
"FJ545680",4957,1
"MK471247",0,0
"EU853595",0,0
"EU853591",0,0
"EU853592",0,0
"EU853593",0,0
"EU853594",0,0
"KU055552",0,0
"KU055530",0,0
"KU055531",4963,1
"KU055527",4963,0
"KY952220",0,0
"KY982922",0,0
"KC171644",0,0
"MK540994",4969,1
"MK540961",4969,1
"MN233968",4969,1
"MN233987",4969,0
"KX148228",4974,1
"MN534895",4974,0
"MK760702",4975,0
"MK760729",4975,1
"MK760735",4975,1
"KX148225",4979,1
"KX148226",4979,0
"MK760761",0,0
"KX148227",0,0
"KY775603",4981,0
"OM863569",4981,1
"JQ692989",0,0
"AF079908",0,0
"FJ392385",0,0
"KU055534",4989,1
"JN162083",4989,1
"FJ465407",4989,1
"JN162079",4989,1
"KX148223",4989,1
"MG458307",4989,1
"FJ465404",4989,0
"FJ392387",4989,1
"JQ692983",0,0
"AF079907",0,0
"FJ465402",0,0
"HQ266616",4998,0
"JN899142",4998,1
"FJ392390",4998,1
"JQ692981",5002,1
"FJ392366",5002,1
"FJ392379",5002,0
"DQ194899",5002,1
"MK858227",5002,1
"JQ692986",0,0
"JX088731",5008,1
"DQ194898",5008,0
"FJ392375",5008,1
"FJ392370",5011,0
"JX088732",5011,1
"U22628",0,0
"JQ692993",5013,1
"JQ692995",5013,0
"JQ692991",5015,0
"DQ194896",5015,1
"FJ392368",5018,0
"MK858229",5018,1
"FJ392369",5018,1
"FJ392376",5018,1
"HQ266615",0,0
"KY553255",0,0
"FJ392367",0,0
"FJ392391",0,0
"KY553266",0,0
"KX148218",5031,1
"KX148219",5031,1
"KU739041",5031,0
"KU055532",5031,1
"KU055533",5031,1
"HQ266633",0,0
"KY553273",5036,0
"EU982551",5036,1
"KY553278",0,0
"FJ465385",0,0
"FJ465408",0,0
"FJ392384",0,0
"FJ392389",0,0
"HQ266614",0,0
"JX088735",5046,1
"JN162087",5046,1
"JQ692998",5046,1
"JQ756143",5046,1
"JN162082",5046,1
"JQ756145",5046,1
"JQ756144",5046,1
"JN162078",5046,0
"JN162081",5046,1
"AY354014",0,0
"JF327504",0,0
"JF327505",0,0
"JN162086",0,0
"AY354013",0,0
"JN162080",0,0
"AF079923",0,0
"AF079921",0,0
"AY354015",0,0
"AF079924",0,0
"AF079920",0,0
"GQ983443",0,0
"JN162077",0,0
"AY354011",0,0
"FJ465387",0,0
"FJ465394",0,0
"FJ465386",0,0
"HQ266617",0,0
"FJ465389",0,0
"AY354010",0,0
"JX088734",0,0
"JN162085",0,0
"KC660352",5072,1
"JN162090",5072,0
"KX148222",5073,1
"FJ465396",5073,0
"AF079917",0,0
"JN162089",0,0
"AY354008",0,0
"FJ465406",0,0
"AF079918",0,0
"GQ983421",0,0
"AY354012",0,0
"FJ465405",0,0
"AY354009",0,0
"AF079919",0,0
"JX088733",0,0
"JQ692988",0,0
"FJ392371",5084,1
"JX088729",5084,0
"JQ692990",5084,1
"JX088728",5086,0
"FJ392388",5086,1
"FJ392383",5088,0
"MK858230",5088,1
"JQ692999",0,0
"FJ465388",0,0
"JX088737",5102,1
"JN162076",5102,0
"JN162088",0,0
"AY354007",0,0
"GQ918329",0,0
"AF079925",0,0
"GQ983487",0,0
"AF079926",0,0
"JN162084",0,0
"JX088736",0,0
"AY354005",0,0
"KC535504",5110,0
"FJ465393",5110,1
"AF079927",0,0
"AF079928",0,0
"AY354002",0,0
"AF079933",0,0
"FJ465397",0,0
"AY354004",0,0
"FJ465384",0,0
"AY353997",0,0
"AY353998",0,0
"AF079929",0,0
"AF079930",0,0
"AY353999",0,0
"AF079932",0,0
"AY354000",0,0
"AY354001",0,0
"AF079934",0,0
"KC535506",0,0
"JQ692997",0,0
"AY354003",0,0
"GU936878",0,0
"HQ266630",0,0
"FJ392377",5126,1
"FJ392378",5126,0
"JQ692987",5127,1
"JX088730",5127,0
"KT892013",5128,1
"JQ692984",5128,1
"KT892014",5128,0
"AF369304",0,0
"AF369305",0,0
"JQ692996",0,0
"HQ266632",0,0
"AF369306",0,0
"AF467950",0,0
"FJ465398",0,0
"FJ465391",5140,0
"MG458308",5140,1
"KX148221",0,0
"JQ692982",5144,1
"FJ392373",5144,0
"FJ392381",5147,1
"FJ465399",5147,0
"KX148220",0,0
"GQ983459",0,0
"AF079916",0,0
"JQ692992",0,0
"JQ692985",0,0
"FJ465395",5150,1
"FJ392380",5150,1
"FJ465401",5150,0
"JQ692994",0,0
"KX148101",5153,0
"MK760770",5153,1
"MG458317",5153,1
"OM971005",0,0
"JQ685894",5158,1
"JQ685970",5158,0
"KX708503",5160,0
"KX148111",5160,1
"JQ685899",5162,1
"JQ685943",5162,0
"OK564514",5163,1
"JQ685975",5163,0
"KC737850",0,0
"KX148214",5167,0
"KX148215",5167,1
"KX148217",5168,1
"KM594039",5168,0
"JQ685944",0,0
"MG458319",0,0
"MK760676",5173,0
"MK760690",5173,1
"MK760747",5173,1
"MK760684",5173,1
"KX148104",0,0
"MG458309",0,0
"KY860591",5179,1
"KY860597",5179,0
"KY860598",5179,1
"KY860599",5179,1
"KX148191",5184,0
"KX148192",5184,1
"KY860611",0,0
"KX148173",0,0
"MK760726",5187,1
"MK760742",5187,0
"KX148161",0,0
"KX148155",0,0
"MK598393",5192,0
"MK598355",5192,1
"MK598356",5192,1
"MK598343",5195,0
"KX148136",5195,1
"KX148139",5195,1
"KX148123",0,0
"KX148116",5199,1
"MF197742",5199,0
"OM542193",5199,1
"KX148135",0,0
"LN879481",0,0
"KX148131",5203,0
"KX148132",5203,1
"JQ944708",0,0
"KX148160",5206,1
"MK598342",5206,0
"ON366710",0,0
"KC595280",0,0
"MK760712",0,0
"KT728348",0,0
"KX148201",0,0
"U22630",0,0
"KT119771",5218,0
"KT119777",5218,1
"KT119775",5218,1
"GU815999",0,0
"AF325468",0,0
"KX148202",5224,1
"KT119785",5224,0
"AF325470",5226,1
"MW553267",5226,1
"MW553268",5226,0
"KU055517",0,0
"FJ440104",0,0
"KT119783",5229,1
"MW553269",5229,1
"MW553270",5229,0
"U22853",0,0
"KT119782",0,0
"MF537542",5236,1
"MF537543",5236,1
"MF537541",5236,1
"MF537533",5236,1
"MF537534",5236,1
"MF537535",5236,1
"MF537536",5236,1
"MF537539",5236,1
"MF537540",5236,1
"MF537549",5236,1
"MF537550",5236,1
"MF537551",5236,1
"MF537554",5236,1
"KT119795",5236,1
"KT119789",5236,1
"KT119792",5236,1
"MF537537",5236,1
"MF537538",5236,1
"KT119793",5236,0
"MF537552",5236,1
"MF537553",5236,1
"KT119788",5236,1
"KT119794",5236,1
"MF537532",5236,1
"MF537548",5236,1
"MF537518",5256,1
"MF537529",5256,1
"MF537547",5256,1
"MF537524",5256,1
"MF537521",5256,1
"MF537523",5256,1
"MF537546",5256,1
"MF537526",5256,1
"MF537527",5256,1
"MF537528",5256,1
"MF537522",5256,1
"MF537525",5256,1
"MF537545",5256,1
"MF537557",5256,1
"MF537555",5256,1
"MF537556",5256,1
"KT119791",5256,1
"KT119787",5256,1
"KT119790",5256,1
"MF537530",5256,1
"MF537531",5256,1
"MF537515",5256,1
"MF537516",5256,1
"MF537517",5256,1
"MF537505",5256,1
"MF537506",5256,1
"MF537507",5256,1
"MF537508",5256,0
"MF537509",5256,1
"MF537510",5256,1
"MF537511",5256,1
"MF537512",5256,1
"MF537513",5256,1
"MF537514",5256,1
"MF537519",5274,0
"MF537520",5274,1
"MF537544",5274,1
"EU296444",5277,1
"EU296445",5277,1
"EU296446",5277,0
"MF537559",5279,1
"MF537558",5279,0
"MF537560",5280,1
"MF537562",5280,1
"MF537563",5280,1
"MF537564",5280,1
"MF537561",5280,1
"MF537566",5280,1
"MF537568",5280,1
"MF537565",5280,1
"MF537567",5280,1
"MF537571",5280,1
"MF537572",5280,1
"MF537574",5280,1
"MF537569",5280,0
"MF537570",5280,1
"MF537573",5280,1
"HQ256771",5289,1
"HM368108",5289,1
"HM368109",5289,1
"HM368092",5289,1
"HM368103",5289,1
"HM368105",5289,1
"HM368112",5289,1
"HM368113",5289,1
"HM368117",5289,1
"HM368157",5289,1
"HM368163",5289,1
"HM368155",5289,1
"HM368162",5289,1
"HM368107",5289,1
"HM368129",5289,1
"HM368138",5289,1
"HM368148",5289,0
"HM368150",5289,1
"HM368106",5289,1
"HM368120",5289,1
"HM368101",5289,1
"HM368133",5289,1
"HM368123",5289,1
"HM368130",5289,1
"HM368135",5289,1
"HM368136",5289,1
"HM368137",5289,1
"HM368141",5289,1
"HM368144",5289,1
"HM368147",5289,1
"HM368156",5289,1
"HM368158",5289,1
"HM368160",5289,1
"HM368161",5289,1
"HM368159",5289,1
"HQ256770",5289,1
"HQ256772",5289,1
"HM368099",5289,1
"HM368104",5289,1
"HM368114",5289,1
"HM368115",5289,1
"HM368149",5289,1
"HM368145",5289,1
"HM368110",5289,1
"HM368096",5289,1
"HM368128",5289,1
"HM368134",5289,1
"HM368143",5289,1
"U22629",0,0
"KT119772",0,0
"LT909546",0,0
"FJ947007",0,0
"FJ947028",0,0
"FJ947021",5322,1
"FJ947013",5322,1
"FJ947012",5322,0
"FJ947019",5322,1
"FJ947005",5326,1
"FJ947022",5326,1
"FJ947026",5326,0
"FJ947010",5329,0
"FJ947016",5329,1
"FJ947004",5329,1
"FJ947023",5329,1
"FJ947011",0,0
"KU055535",0,0
"FJ947015",0,0
"FJ947008",5336,0
"FJ947009",5336,1
"FJ947018",5336,1
"LT909531",0,0
"FJ947024",5340,1
"FJ947006",5340,1
"FJ947025",5340,1
"FJ947020",5340,0
"AF325465",0,0
"FJ947014",0,0
"FJ947029",5344,1
"FJ947017",5344,0
"KJ133676",5347,1
"KJ133660",5347,0
"KJ133667",5347,1
"KJ133683",5347,1
"MW055051",5350,1
"MW055056",5350,1
"MW055053",5350,1
"MW055052",5350,1
"MW055112",5350,1
"MW074787",5350,1
"MW055119",5350,1
"MW055121",5350,1
"MW055122",5350,1
"MW055120",5350,1
"MW055118",5350,1
"MW055123",5350,1
"MW074785",5350,1
"MN726812",5350,1
"MW055049",5350,1
"MW055055",5350,1
"MW055057",5350,1
"MW055054",5350,0
"MN726805",5350,1
"MN726830",5350,1
"MW055050",5350,1
"MN726819",5350,1
"AB505879",5368,1
"AB505881",5368,1
"KJ133669",5368,1
"KJ133672",5368,0
"MZ418094",5371,0
"MZ418093",5371,1
"MZ418091",5371,1
"MZ418092",5371,1
"MZ418097",5377,1
"MZ418098",5377,0
"MZ418099",5377,1
"MZ418084",5383,1
"MZ418088",5383,1
"MZ418089",5383,1
"MZ418090",5383,1
"MZ418083",5383,0
"MZ418079",5386,1
"MZ418076",5386,1
"MZ418077",5386,1
"MZ418078",5386,0
"LT909551",0,0
"MZ417949",5390,1
"MZ417963",5390,1
"MZ417962",5390,1
"MZ417954",5390,1
"MZ417952",5390,1
"MZ417953",5390,1
"MZ417951",5390,1
"MZ418006",5390,1
"MZ418008",5390,1
"MZ418007",5390,1
"MZ418075",5390,1
"MZ418060",5390,1
"MZ418061",5390,1
"MZ418064",5390,1
"MZ418062",5390,1
"MZ418063",5390,1
"MZ418065",5390,1
"MZ418074",5390,1
"MZ418067",5390,1
"MZ418068",5390,1
"MZ418066",5390,1
"MZ418069",5390,1
"MZ418070",5390,1
"MZ418071",5390,1
"MZ418072",5390,1
"MZ418073",5390,1
"MZ418059",5390,1
"MZ418057",5390,1
"MZ418058",5390,1
"MZ418046",5390,1
"MZ418047",5390,1
"MZ418050",5390,1
"MZ418049",5390,1
"MZ418037",5390,1
"MZ418038",5390,1
"MZ418040",5390,1
"MZ418041",5390,1
"MZ418042",5390,1
"MZ418043",5390,1
"MZ418044",5390,1
"MZ418045",5390,1
"MZ418051",5390,1
"MZ418052",5390,1
"MZ418053",5390,1
"MZ418054",5390,1
"MZ418055",5390,1
"MZ418056",5390,1
"MZ418036",5390,1
"MZ418035",5390,0
"MZ418027",5390,1
"MZ418020",5390,1
"MZ418021",5390,1
"MZ418019",5390,1
"MZ418017",5390,1
"MZ418018",5390,1
"MZ418025",5390,1
"MZ418023",5390,1
"MZ418024",5390,1
"MZ418022",5390,1
"MZ418015",5390,1
"MZ418009",5390,1
"MZ418010",5390,1
"MZ418011",5390,1
"MZ418012",5390,1
"MZ418013",5390,1
"MZ418014",5390,1
"MZ418026",5390,1
"MZ418034",5390,1
"MZ418028",5390,1
"MZ418029",5390,1
"MZ418030",5390,1
"MZ418031",5390,1
"MZ418032",5390,1
"MZ418033",5390,1
"MZ417998",5390,1
"MZ418000",5390,1
"MZ418001",5390,1
"MZ417999",5390,1
"MZ418002",5390,1
"MZ418003",5390,1
"MZ417994",5390,1
"MZ417995",5390,1
"MZ417996",5390,1
"MZ417997",5390,1
"MZ417969",5390,1
"MZ417966",5390,1
"MZ417967",5390,1
"MZ417964",5390,1
"MZ417965",5390,1
"MZ417968",5390,1
"MZ417993",5390,1
"MZ417983",5390,1
"MZ417973",5390,1
"MZ417970",5390,1
"MZ417971",5390,1
"MZ417972",5390,1
"MZ417974",5390,1
"MZ417975",5390,1
"MZ417976",5390,1
"MZ417977",5390,1
"MZ417978",5390,1
"MZ417979",5390,1
"MZ417980",5390,1
"MZ417981",5390,1
"MZ417982",5390,1
"MZ417985",5390,1
"MZ417986",5390,1
"MZ417987",5390,1
"MZ417988",5390,1
"MZ417989",5390,1
"MZ417990",5390,1
"MZ417991",5390,1
"MZ417992",5390,1
"MZ417960",5390,1
"MZ417961",5390,1
"MZ417956",5390,1
"MZ417957",5390,1
"MZ417958",5390,1
"MZ417959",5390,1
"MZ417947",5390,1
"MZ417948",5390,1
"MZ417944",5390,1
"MZ417950",5390,1
"MZ417879",5390,1
"MZ417880",5390,1
"MZ417881",5390,1
"MZ417882",5390,1
"MZ417883",5390,1
"MZ417884",5390,1
"MZ417885",5390,1
"MZ417886",5390,1
"MZ417887",5390,1
"MZ417888",5390,1
"MZ417889",5390,1
"MZ417891",5390,1
"MZ417892",5390,1
"MZ417893",5390,1
"MZ417894",5390,1
"MZ417895",5390,1
"MZ417896",5390,1
"MZ417897",5390,1
"MZ417898",5390,1
"MZ417899",5390,1
"MZ417900",5390,1
"MZ417901",5390,1
"MZ417904",5390,1
"MZ417907",5390,1
"MZ417910",5390,1
"MZ417911",5390,1
"MZ417912",5390,1
"MZ417913",5390,1
"MZ417914",5390,1
"MZ417915",5390,1
"MZ417917",5390,1
"MZ417918",5390,1
"MZ417919",5390,1
"MZ417920",5390,1
"MZ417921",5390,1
"MZ417922",5390,1
"MZ417923",5390,1
"MZ417925",5390,1
"MZ417926",5390,1
"MZ417928",5390,1
"MZ417929",5390,1
"MZ417930",5390,1
"MZ417931",5390,1
"MZ417932",5390,1
"MZ417933",5390,1
"MZ417935",5390,1
"MZ417936",5390,1
"MZ417938",5390,1
"MZ417939",5390,1
"MZ417940",5390,1
"MZ417941",5390,1
"MZ417942",5390,1
"MZ417943",5390,1
"MZ417916",5390,1
"MZ417890",5390,1
"MZ417902",5390,1
"MZ417905",5390,1
"MZ417906",5390,1
"MZ417908",5390,1
"MZ417927",5390,1
"MZ417934",5390,1
"MZ417937",5390,1
"MZ417909",5390,1
"MZ417876",5390,1
"MZ417877",5390,1
"MZ417878",5390,1
"MZ417945",5390,1
"MZ417946",5390,1
"MZ418004",5390,1
"MZ418080",5390,1
"MZ418081",5390,1
"MZ418082",5390,1
"KX148200",0,0
"KP723638",5463,1
"GU062189",5463,1
"EU853580",5463,0
"MZ418087",0,0
"MZ418086",0,0
"FJ947027",0,0
"KX148199",5466,0
"KX148198",5466,1
"MZ418095",5467,1
"MZ418096",5467,0
"EU853577",5470,1
"GU798102",5470,0
"U22851",0,0
"EU853573",5472,0
"GU798105",5472,1
"EU853574",5472,1
"EU853576",5472,1
"GU798106",5472,1
"GU798104",5472,1
"EU853575",5472,1
"GU798103",5472,1
"EU853579",5482,0
"GU798108",5482,1
"GU798394",5486,1
"GU798682",5486,1
"GU798676",5486,1
"GU798677",5486,1
"GU798680",5486,1
"GU798678",5486,1
"GU798679",5486,1
"KU739050",5486,1
"GU798681",5486,1
"MK981888",5486,1
"EU853578",5486,0
"GU798107",5486,1
"GU798395",0,0
"KU963503",0,0
"KF831545",0,0
"AY245852",0,0
"EU643558",5497,1
"EU643557",5497,1
"EU643556",5497,1
"EU643588",5497,0
"EU643561",5500,1
"GU798389",5500,1
"GU798393",5500,1
"GU798392",5500,0
"GU798391",5500,1
"GU798390",5500,1
"EU643559",5500,1
"EU643560",5500,1
"MF781074",0,0
"JF327499",0,0
"AY605032",5509,0
"AY605039",5509,1
"U22631",0,0
"GU798257",5512,1
"GU798258",5512,1
"GU798256",5512,0
"GU798259",5512,1
"GU798260",5512,1
"EU853572",5512,1
"GU798255",5512,1
"GU798161",0,0
"GU798429",0,0
"GU798430",0,0
"AY854666",0,0
"KX148194",0,0
"GU798448",0,0
"GU798144",0,0
"GU798145",0,0
"GU798156",5532,1
"GU798153",5532,1
"GU798154",5532,1
"GU798155",5532,1
"GU798150",5532,1
"GU798151",5532,1
"GU798152",5532,1
"GU798149",5532,1
"GU798157",5532,1
"GU798158",5532,1
"GU798159",5532,1
"GU798160",5532,1
"GU798147",5532,1
"GU798146",5532,0
"GU798148",5532,1
"GU798205",5542,1
"GU798206",5542,1
"GU798207",5542,1
"GU798208",5542,1
"GU798209",5542,1
"GU798199",5542,1
"GU798201",5542,0
"GU798202",5542,1
"GU798203",5542,1
"GU798204",5542,1
"GU798200",5542,1
"GU798198",5550,1
"GU798196",5550,1
"GU798197",5550,0
"GU798192",0,0
"GU798184",5553,1
"GU798187",5553,1
"GU798188",5553,1
"GU798194",5553,1
"GU798195",5553,0
"GU798183",5557,1
"GU798191",5557,1
"GU798189",5557,1
"GU798190",5557,1
"GU798185",5557,1
"GU798186",5557,1
"GU798193",5557,0
"GU798177",5563,1
"GU798174",5563,1
"GU798179",5563,1
"GU798181",5563,1
"GU798182",5563,1
"GU798175",5563,1
"GU798176",5563,1
"GU798178",5563,1
"GU798180",5563,1
"GU798162",5563,1
"GU798167",5563,1
"GU798169",5563,1
"GU798168",5563,1
"GU798170",5563,1
"GU798171",5563,1
"GU798172",5563,1
"GU798173",5563,0
"GU798163",5563,1
"GU798165",5563,1
"GU798166",5563,1
"GU798164",5563,1
"GU798235",5579,1
"GU798236",5579,1
"GU798237",5579,1
"GU798238",5579,1
"GU798239",5579,1
"GU798240",5579,0
"GU798234",5579,1
"GU798233",5579,1
"GU798241",5586,0
"GU798242",5586,1
"GU798232",0,0
"GU798231",0,0
"U22852",0,0
"GU798138",5589,1
"GU798139",5589,1
"GU798140",5589,1
"GU798136",5589,1
"GU798137",5589,1
"GU798212",5589,1
"GU798213",5589,1
"GU798210",5589,1
"GU798211",5589,1
"GU798229",5589,1
"GU798230",5589,1
"GU798220",5589,1
"GU798215",5589,0
"GU798214",5589,1
"GU798217",5589,1
"GU798218",5589,1
"GU798223",5589,1
"GU798224",5589,1
"GU798225",5589,1
"GU798226",5589,1
"GU798221",5589,1
"GU798227",5589,1
"GU798228",5589,1
"GU798216",5589,1
"GU798219",5589,1
"GU798222",5589,1
"GU798534",0,0
"GU798518",0,0
"GU798519",5617,1
"GU798526",5617,1
"GU798527",5617,1
"GU798523",5617,1
"GU798525",5617,1
"GU798500",5617,1
"GU798497",5617,1
"GU798499",5617,1
"GU798498",5617,1
"GU798515",5617,1
"GU798516",5617,1
"GU798517",5617,1
"GU798501",5617,1
"GU798505",5617,1
"GU798506",5617,1
"GU798507",5617,1
"GU798508",5617,1
"GU798509",5617,1
"GU798511",5617,1
"GU798512",5617,1
"GU798513",5617,1
"GU798514",5617,1
"GU798510",5617,0
"GU798502",5617,1
"GU798503",5617,1
"GU798504",5617,1
"GU798528",5617,1
"GU798529",5617,1
"GU798530",5617,1
"GU798531",5617,1
"GU798536",5617,1
"GU798521",5617,1
"GU798524",5617,1
"GU798532",0,0
"GU798533",0,0
"GU798434",5641,1
"GU798433",5641,1
"GU798435",5641,0
"GU798442",5644,1
"GU798443",5644,1
"GU798446",5644,1
"GU798447",5644,1
"GU798437",5644,1
"GU798440",5644,1
"GU798441",5644,0
"GU798438",5644,1
"GU798439",5644,1
"GU798436",5644,1
"GU798444",5644,1
"GU798445",5644,1
"GU798431",5652,0
"GU798432",5652,1
"GU798425",5653,1
"GU798426",5653,0
"GU798427",5653,1
"GU798424",5653,1
"GU798423",5653,1
"GU798480",0,0
"GU798470",5664,0
"GU798473",5664,1
"GU798471",0,0
"GU798428",5669,1
"GU798481",5669,0
"GU798482",0,0
"GU798479",0,0
"GU798474",0,0
"GU798475",0,0
"GU798476",5671,0
"GU798472",5671,1
"GU798478",0,0
"GU798477",0,0
"GU798487",5672,1
"GU798492",5672,1
"GU798494",5672,1
"GU798496",5672,1
"GU798493",5672,1
"GU798495",5672,1
"GU798483",5672,1
"GU798484",5672,1
"GU798485",5672,1
"GU798449",5672,1
"GU798462",5672,1
"GU798463",5672,1
"GU798464",5672,1
"GU798465",5672,1
"GU798469",5672,1
"GU798466",5672,1
"GU798467",5672,1
"GU798468",5672,1
"GU798461",5672,1
"GU798457",5672,1
"GU798458",5672,1
"GU798459",5672,1
"GU798460",5672,1
"GU798450",5672,1
"GU798451",5672,1
"GU798452",5672,1
"GU798453",5672,1
"GU798454",5672,1
"GU798455",5672,1
"GU798456",5672,1
"GU798489",5672,1
"GU798490",5672,1
"GU798488",5672,1
"GU798491",5672,1
"GU798486",5672,0
"GU798522",0,0
"EU851122",0,0
"GU798541",5704,1
"GU798538",5704,0
"GU798540",5704,1
"GU798520",5704,1
"GU798535",5704,1
"KU739044",0,0
"GU798717",5713,1
"GU798790",5713,1
"GU798789",5713,1
"GU798761",5713,1
"GU798710",5713,1
"GU798736",5713,1
"GU798812",5713,1
"GU798807",5713,0
"GU798819",0,0
"GU798712",5724,1
"GU798713",5724,1
"GU798714",5724,0
"GU798733",5726,0
"GU798734",5726,1
"GU798723",5726,1
"GU798729",5726,1
"GU798731",5726,1
"GU798732",5726,1
"GU798781",5727,1
"GU798782",5727,1
"GU798783",5727,0
"GU798779",5727,1
"GU798780",5727,1
"GU798778",5727,1
"GU798776",5727,1
"GU798777",5727,1
"GU798774",5727,1
"GU798775",5727,1
"GU798773",5727,1
"GU798810",0,0
"GU798820",0,0
"GU798822",0,0
"GU798823",0,0
"GU798824",0,0
"GU798825",0,0
"GU798826",0,0
"GU798827",0,0
"GU798828",0,0
"GU798715",0,0
"GU798718",0,0
"GU798719",0,0
"GU798720",0,0
"GU798721",0,0
"GU798722",0,0
"GU798724",0,0
"GU798726",0,0
"GU798727",0,0
"GU798730",0,0
"GU798737",0,0
"GU798738",0,0
"GU798739",0,0
"GU798741",0,0
"GU798742",0,0
"GU798743",0,0
"GU798757",0,0
"GU798759",0,0
"GU798762",0,0
"GU798766",0,0
"GU798767",0,0
"GU798768",0,0
"GU798784",0,0
"GU798786",0,0
"GU798788",0,0
"GU798793",0,0
"GU798794",0,0
"GU798795",0,0
"GU798796",0,0
"GU798797",0,0
"GU798798",0,0
"GU798799",0,0
"GU798800",0,0
"GU798801",0,0
"GU798802",0,0
"GU798803",0,0
"GU798804",0,0
"GU798809",0,0
"GU798811",0,0
"GU798813",0,0
"GU798814",0,0
"GU798815",0,0
"GU798816",0,0
"GU798817",0,0
"GU798818",0,0
"GU798772",5734,1
"GU798770",5734,1
"GU798771",5734,1
"GU798748",5734,1
"GU798749",5734,1
"GU798751",5734,1
"GU798752",5734,1
"GU798753",5734,1
"GU798754",5734,1
"GU798755",5734,1
"GU798756",5734,1
"GU798750",5734,1
"GU798740",5734,1
"GU798758",5734,1
"GU798769",5734,1
"GU798785",5734,1
"GU798760",5734,1
"GU798792",5734,1
"GU798728",5734,1
"GU798791",5734,1
"GU798808",5734,1
"GU798745",5734,1
"GU798746",5734,1
"GU798747",5734,1
"GU798725",5734,1
"GU798744",5734,1
"GU798787",5734,1
"GU798763",5734,1
"GU798765",5734,0
"GU798764",5734,1
"GU798806",5734,1
"GU798711",5734,1
"GU798537",0,0
"GU798539",5753,0
"GU798252",5753,1
"KX148193",5753,1
"GU798247",0,0
"GU798254",0,0
"GU798249",0,0
"EU851121",0,0
"GU798251",5762,1
"GU798248",5762,0
"GU798250",5762,1
"EU851120",0,0
"GU798253",0,0
"EU851126",0,0
"GU798245",0,0
"GU798246",0,0
"EU851125",0,0
"GU798243",5769,0
"GU798244",5769,1
"EU851124",0,0
"GU798142",0,0
"EU851128",0,0
"GU798143",0,0
"GU798125",5778,0
"EU853569",5778,1
"GU798412",0,0
"GU798708",5781,1
"GU798709",5781,1
"GU798684",5781,0
"GU798838",0,0
"GU798683",0,0
"GU798839",0,0
"GU798837",0,0
"GU798849",5790,1
"GU798850",5790,1
"GU798851",5790,1
"GU798858",5790,1
"GU798859",5790,1
"GU798860",5790,1
"GU798861",5790,0
"GU798862",5790,1
"GU798852",5790,1
"GU798853",5790,1
"GU798854",5790,1
"GU798855",5790,1
"GU798856",5790,1
"GU798857",5790,1
"GU798953",5790,1
"GU798943",5790,1
"GU798946",5790,1
"GU798947",5790,1
"GU798950",5790,1
"GU798951",5790,1
"GU798952",5790,1
"GU798948",5790,1
"GU798949",5790,1
"GU798955",5790,1
"GU798944",5790,1
"GU798954",5790,1
"GU798956",5790,1
"GU798959",5790,1
"GU798960",5790,1
"GU798961",5790,1
"GU798957",5790,1
"GU798958",5790,1
"GU798962",5790,1
"GU798872",5790,1
"GU798847",5790,1
"GU798865",5808,1
"GU798866",5808,1
"GU798840",5808,1
"GU798863",5808,1
"GU798870",5808,1
"GU798871",5808,1
"GU798864",5808,0
"GU798868",5808,1
"GU798869",5808,1
"GU798867",5808,1
"GU798835",5808,1
"GU798836",5808,1
"GU798841",0,0
"GU798844",0,0
"GU798845",0,0
"GU798846",0,0
"GU798842",0,0
"GU798843",0,0
"GU798829",0,0
"GU798832",5821,1
"GU798830",5821,1
"GU798831",5821,1
"GU798833",5821,1
"GU798834",5821,0
"KX148196",0,0
"GU798126",5824,1
"GU798127",5824,1
"GU798128",5824,1
"KX148195",5824,1
"GU798133",5824,1
"GU798129",5824,1
"GU798135",5824,1
"GU798130",5824,1
"GU798131",5824,1
"GU798132",5824,1
"GU798134",5824,1
"GU798685",5824,1
"GU798686",5824,1
"GU798693",5824,1
"GU798695",5824,1
"GU798690",5824,1
"GU798691",5824,1
"GU798692",5824,1
"GU798697",5824,1
"GU798698",5824,1
"GU798687",5824,1
"GU798688",5824,1
"GU798689",5824,1
"GU798696",5824,1
"GU798694",5824,1
"GU798700",5824,1
"GU798701",5824,1
"GU798707",5824,1
"GU798702",5824,0
"GU798703",5824,1
"GU798704",5824,1
"GU798705",5824,1
"GU798706",5824,1
"EU853570",5850,1
"GU798112",5850,0
"GU798111",0,0
"U22642",0,0
"GU798409",5852,1
"GU798410",5852,0
"GU798411",5852,1
"GU798397",5852,1
"GU798413",5852,1
"GU798414",5852,1
"GU798415",5852,1
"GU798421",5852,1
"GU798422",5852,1
"GU798416",5852,1
"GU798419",5852,1
"GU798418",5852,1
"GU798417",5852,1
"GU798420",5852,1
"GU798399",5852,1
"GU798398",5852,1
"GU798401",5852,1
"GU798402",5852,1
"GU798400",5852,1
"GU798403",5852,1
"GU798404",5852,1
"GU798405",5852,1
"GU798406",5852,1
"GU798121",5852,1
"KF155001",5852,1
"GU798408",5852,1
"GU798407",5852,1
"GU798122",5852,1
"GU798123",5852,1
"GU798124",5852,1
"AF401287",5852,1
"GU798120",5852,1
"GU798119",5852,1
"GU798118",5852,1
"GU798117",5852,1
"GU798116",5852,1
"GU798113",5852,1
"GU798114",5852,1
"GU798115",5852,1
"EU853571",5890,0
"GU798110",5890,1
"EU851127",5891,1
"EU851129",5891,0
"GU798579",5896,0
"GU798578",5896,1
"GU798580",5896,1
"GU798582",5896,1
"GU798581",5896,1
"GU798656",5896,1
"GU798584",5896,1
"GU798583",5896,1
"GU798576",5896,1
"GU798560",5896,1
"GU798573",5896,1
"GU798561",5896,1
"GU798572",5896,1
"GU798574",5896,1
"GU798575",5896,1
"GU798564",5896,1
"GU798571",5896,1
"GU798567",5896,1
"GU798562",5896,1
"GU798563",5896,1
"GU798568",5896,1
"GU798569",5896,1
"GU798570",5896,1
"GU798565",5896,1
"GU798566",5896,1
"GU798585",5896,1
"GU798657",5896,1
"GU798667",5896,1
"GU798670",5896,1
"GU798671",5896,1
"GU798672",5896,1
"GU798673",5896,1
"GU798658",5896,1
"GU798675",5896,1
"GU798674",5896,1
"GU798669",5896,1
"GU798668",5896,1
"GU798661",5896,1
"GU798660",5896,1
"GU798662",5896,1
"GU798663",5896,1
"GU798665",5896,1
"GU798659",5896,1
"GU798666",5896,1
"GU798577",5896,1
"GU798664",5896,1
"GU798553",5896,1
"GU798396",5896,1
"GU798141",0,0
"GU798550",0,0
"GU798551",0,0
"GU798552",0,0
"GU798268",5947,0
"GU798269",5947,1
"GU798270",0,0
"GU798271",5948,0
"GU798272",5948,1
"GU798267",0,0
"EU643584",5952,1
"EU643572",5952,1
"EU643585",5952,1
"EU643586",5952,1
"EU643581",5952,1
"EU643582",5952,1
"EU643579",5952,1
"EU643580",5952,1
"EU643576",5952,1
"EU643573",5952,1
"EU643569",5952,1
"EU643575",5952,1
"EU643574",5952,1
"EU643568",5952,1
"EU643578",5952,1
"EU643563",5952,1
"EU643564",5952,1
"EU643565",5952,1
"EU643566",5952,0
"EU643567",5952,1
"EU643577",5952,1
"EU643583",5952,1
"GU798542",5968,1
"GU798544",5968,1
"GU798545",5968,0
"GU798547",5968,1
"GU798543",5968,1
"GU798546",5968,1
"LT909535",0,0
"LT909529",0,0
"LT909542",0,0
"GU798558",5978,1
"GU798559",5978,0
"GU798555",5980,1
"GU798556",5980,0
"GU798557",0,0
"GU798554",0,0
"GU798298",0,0
"U22643",0,0
"GU798548",5984,1
"GU798549",5984,0
"GU798109",5984,1
"M81060",0,0
"M81058",0,0
"M81059",0,0
"GU798264",0,0
"GU798265",0,0
"EU851123",0,0
"GU798263",0,0
"EU853566",0,0
"GU798261",0,0
"EU643587",0,0
"GU798262",5997,0
"GU798370",5997,1
"U22849",0,0
"EU853568",6000,0
"GU798289",6000,1
"EU853567",6001,1
"GU798297",6001,1
"GU798295",6001,1
"GU798290",6001,1
"GU798294",6001,1
"GU798296",6001,1
"GU798293",6001,1
"GU798291",6001,1
"GU798292",6001,0
"GU798329",6012,1
"GU798316",6012,1
"GU798312",6012,1
"GU798331",6012,1
"GU798336",6012,1
"GU798337",6012,1
"GU798338",6012,1
"GU798341",6012,1
"GU798339",6012,1
"GU798340",6012,1
"GU798342",6012,1
"GU798326",6012,1
"GU798315",6012,1
"GU798358",6012,1
"GU798348",6012,1
"GU798347",6012,1
"GU798314",6012,1
"GU798324",6012,1
"GU798323",6012,1
"GU798322",6012,1
"GU798325",6012,1
"GU798317",6012,1
"GU798321",6012,1
"GU798319",6012,1
"GU798320",6012,1
"GU798357",6012,1
"GU798327",6012,1
"GU798328",6012,1
"GU798310",6012,1
"GU798311",6012,1
"GU798299",6012,1
"GU798304",6012,1
"GU798306",6012,1
"GU798305",6012,1
"GU798308",6012,0
"GU798309",6012,1
"GU798307",6012,1
"GU798300",6012,1
"GU798301",6012,1
"GU798302",6012,1
"GU798303",6012,1
"GU798334",6012,1
"GU798333",6012,1
"GU798330",6012,1
"GU798346",6012,1
"GU798318",6012,1
"GU798332",6012,1
"GU798335",6012,1
"GU798343",6012,1
"GU798344",6012,1
"GU798345",6012,1
"GU798313",6058,1
"GU798617",6058,1
"GU798627",6058,1
"GU798619",6058,1
"GU798606",6058,1
"GU798599",6058,1
"GU798632",6058,1
"GU798630",6058,1
"GU798631",6058,1
"GU798616",6058,1
"GU798603",6058,1
"GU798634",6058,1
"GU798607",6058,1
"GU798620",6058,1
"GU798623",6058,1
"GU798624",6058,1
"GU798625",6058,1
"GU798628",6058,1
"GU798614",6058,1
"GU798615",6058,1
"GU798622",6058,1
"GU798592",6058,1
"GU798586",6058,0
"GU798598",6058,1
"GU798597",6058,1
"GU798595",6058,1
"GU798596",6058,1
"GU798588",6058,1
"GU798587",6058,1
"GU798589",6058,1
"GU798590",6058,1
"GU798591",6058,1
"GU798594",6058,1
"GU798593",6058,1
"GU798612",6058,1
"GU798613",6058,1
"GU798611",6058,1
"GU798604",6058,1
"GU798609",6058,1
"GU798610",6058,1
"GU798608",6058,1
"GU798629",6058,1
"GU798633",6058,1
"GU798635",6058,1
"GU798621",6058,1
"GU798618",6058,1
"GU798605",6058,1
"GU798626",6058,1
"GU798601",6058,1
"KU055515",0,0
"GU798600",0,0
"GU798637",6101,1
"GU798640",6101,1
"GU798638",6101,1
"GU798639",6101,1
"GU798641",6101,0
"GU798642",6101,1
"GU798643",6101,1
"GU798636",6101,1
"GU798361",6107,1
"GU798602",6107,1
"GU798654",6107,1
"GU798655",6107,1
"GU798649",6107,1
"GU798650",6107,1
"GU798651",6107,1
"GU798652",6107,1
"GU798647",6107,1
"GU798645",6107,1
"GU798646",6107,1
"GU798644",6107,1
"GU798931",6107,1
"GU798909",6107,1
"GU798888",6107,1
"GU798928",6107,1
"GU798930",6107,1
"GU798901",6107,1
"GU798932",6107,1
"GU798933",6107,1
"GU798934",6107,1
"GU798935",6107,1
"GU798936",6107,1
"GU798937",6107,1
"GU798938",6107,1
"GU798939",6107,1
"GU798940",6107,1
"GU798941",6107,1
"GU798942",6107,1
"GU798945",6107,1
"GU798848",6107,1
"GU798886",6107,1
"GU798887",6107,1
"GU798889",6107,1
"GU798890",6107,1
"GU798891",6107,1
"GU798892",6107,1
"GU798893",6107,1
"GU798894",6107,1
"GU798895",6107,1
"GU798896",6107,1
"GU798897",6107,1
"GU798899",6107,1
"GU798900",6107,1
"GU798902",6107,1
"GU798903",6107,1
"GU798904",6107,1
"GU798905",6107,1
"GU798906",6107,1
"GU798907",6107,1
"GU798908",6107,1
"GU798910",6107,1
"GU798911",6107,1
"GU798912",6107,1
"GU798913",6107,1
"GU798914",6107,1
"GU798915",6107,1
"GU798916",6107,1
"GU798917",6107,1
"GU798918",6107,0
"GU798919",6107,1
"GU798920",6107,1
"GU798921",6107,1
"GU798922",6107,1
"GU798923",6107,1
"GU798924",6107,1
"GU798925",6107,1
"GU798926",6107,1
"GU798927",6107,1
"GU798929",6107,1
"GU798898",6107,1
"GU798881",6107,1
"GU798882",6107,1
"GU798883",6107,1
"GU798884",6107,1
"GU798873",6107,1
"GU798874",6107,1
"GU798875",6107,1
"GU798876",6107,1
"GU798877",6107,1
"GU798878",6107,1
"GU798879",6107,1
"GU798880",6107,1
"GU798885",6107,1
"GU798648",6107,1
"GU798653",6107,1
"KX148197",6107,1
"GU798362",6129,1
"GU798354",6129,1
"GU798352",6129,1
"GU798353",6129,1
"GU798356",6129,1
"GU798350",6129,1
"GU798351",6129,0
"GU798355",6129,1
"GU798360",6129,1
"GU798349",6129,1
"GU798359",6129,1
"GU798363",6129,1
"GU798364",6129,1
"GU798365",6129,1
"GU798366",6129,1
"GU798367",6129,1
"GU798368",6129,1
"GU798273",6136,1
"GU798286",6136,1
"GU798287",6136,1
"GU798288",6136,1
"GU798274",6136,1
"GU798285",6136,1
"GU798284",6136,1
"GU798280",6136,1
"GU798277",6136,1
"GU798279",6136,1
"GU798278",6136,1
"GU798283",6136,1
"GU798281",6136,1
"GU798282",6136,1
"GU798275",6136,0
"GU798276",6136,1
"GU798371",6136,1
"GU798387",6136,1
"GU798388",6136,1
"GU798374",6136,1
"GU798377",6136,1
"GU798369",6136,1
"GU798372",6136,1
"GU798373",6136,1
"GU798378",6136,1
"GU798375",6136,1
"GU798379",6136,1
"GU798376",6136,1
"GU798382",6136,1
"GU798380",6136,1
"GU798381",6136,1
"GU798386",6136,1
"GU798383",6136,1
"GU798385",6136,1
"GU798384",6136,1
"GU798266",0,0
"KX148211",6166,1
"KC787068",6166,1
"MN991294",6166,1
"MN991295",6166,1
"AY138571",6166,1
"KC787059",6166,1
"MN991297",6166,1
"KC787053",6166,1
"KC787050",6166,1
"MN991296",6166,1
"KC787062",6166,1
"KC787061",6166,1
"KC787064",6166,1
"KX148210",6166,1
"KC787066",6166,1
"KC787065",6166,1
"DQ420623",6166,1
"DQ420624",6166,1
"KU055519",6166,1
"KX148209",6166,1
"KC787058",6166,1
"KC787054",6166,1
"KC787052",6166,0
"KC787073",6166,1
"KC787071",6166,1
"KC787070",6166,1
"KC787069",6166,1
"KC787067",6166,1
"KC787072",6166,1
"KC787074",6166,1
"KC787051",6166,1
"KC787055",6166,1
"KC787063",6166,1
"KC787057",6166,1
"KC787060",6166,1
"KR906748",6203,1
"KR906752",6203,0
"LC380184",6205,0
"LC380180",6205,1
"LC380181",6205,1
"LC380182",6205,1
"LC683180",0,0
"LC683182",0,0
"LC683178",0,0
"LC380214",6210,1
"LC380215",6210,1
"LC380185",6210,1
"LC380219",6210,1
"LC380178",6210,1
"LC380179",6210,0
"LC380218",6210,1
"LC380183",6210,1
"LC380216",6210,1
"AF325479",0,0
"LC682832",6215,1
"LC682833",6215,1
"LC682836",6215,1
"LC682835",6215,1
"LC682824",6215,0
"LC682834",6215,1
"LC682851",6215,1
"LC682848",6215,1
"LC682840",6215,1
"LC682837",6215,1
"LC682846",6215,1
"LC682853",6215,1
"LC682850",6215,1
"LC682831",6215,1
"LC682838",6215,1
"KJ133668",6226,0
"LC029890",6226,1
"U22650",0,0
"KX148208",0,0
"U22651",0,0
"LC380134",0,0
"KT119637",6235,0
"KT119640",6235,1
"KT119647",6239,1
"KT119652",6239,1
"KT119663",6239,1
"KT119665",6239,0
"EU853589",6241,1
"EU853587",6241,1
"EU853588",6241,1
"EU853590",6241,1
"KT119660",6241,1
"KT119725",6241,1
"KT119733",6241,1
"KT119736",6241,1
"KT119723",6241,1
"KT119724",6241,1
"KT119731",6241,1
"KT119732",6241,1
"KT119751",6241,1
"KT119712",6241,1
"KT119730",6241,1
"KT119682",6241,1
"KT119741",6241,1
"KT119659",6241,1
"KT119661",6241,1
"KT119662",6241,1
"KT119666",6241,1
"KT119668",6241,1
"KT119669",6241,1
"KT119671",6241,1
"KT119672",6241,1
"KT119674",6241,1
"KT119675",6241,1
"KT119676",6241,1
"KT119677",6241,1
"KT119678",6241,1
"KT119679",6241,1
"KT119680",6241,1
"KT119681",6241,1
"KT119683",6241,1
"KT119684",6241,1
"KT119685",6241,1
"KT119686",6241,1
"KT119687",6241,1
"KT119689",6241,1
"KT119690",6241,1
"KT119691",6241,1
"KT119692",6241,1
"KT119694",6241,1
"KT119695",6241,1
"KT119697",6241,1
"KT119699",6241,1
"KT119700",6241,0
"KT119702",6241,1
"KT119703",6241,1
"KT119704",6241,1
"KT119705",6241,1
"KT119706",6241,1
"KT119707",6241,1
"KT119708",6241,1
"KT119709",6241,1
"KT119711",6241,1
"KT119713",6241,1
"KT119717",6241,1
"KT119718",6241,1
"KT119726",6241,1
"KT119727",6241,1
"KT119729",6241,1
"KT119734",6241,1
"KT119735",6241,1
"KT119737",6241,1
"KT119738",6241,1
"KT119739",6241,1
"KT119740",6241,1
"KT119742",6241,1
"KT119743",6241,1
"KT119744",6241,1
"KT119745",6241,1
"KT119746",6241,1
"KT119748",6241,1
"KT119749",6241,1
"KT119750",6241,1
"KT119673",6241,1
"KT119747",6241,1
"KT119688",6241,1
"KT119714",6241,1
"KT119716",6241,1
"KT119721",6241,1
"KT119722",6241,1
"KT119670",6241,1
"KT119698",6241,1
"KT119719",6241,1
"KT119720",6241,1
"KT119715",6241,1
"KT119667",6241,1
"KT119693",6241,1
"KT119696",6241,1
"KT119701",6241,1
"KF734696",6266,0
"KF734729",6266,1
"KF734734",6266,1
"KF734693",6266,1
"KF734694",6266,1
"KF734735",6266,1
"KT119780",6266,1
"KT119781",6266,1
"KF734690",0,0
"MF537575",0,0
"KT119753",6271,1
"KT119710",6271,1
"KT119752",6271,0
"KT119650",0,0
"KT119648",6272,1
"KT119649",6272,1
"KT119638",6272,1
"KT119639",6272,1
"KT119641",6272,1
"KT119642",6272,1
"KT119643",6272,1
"KT119644",6272,1
"KT119645",6272,1
"KT119646",6272,1
"KT119651",6272,1
"KT119653",6272,1
"KT119654",6272,1
"KT119655",6272,1
"KT119656",6272,1
"KT119657",6272,0
"KT119664",6272,1
"KT119635",6272,1
"KT119636",6272,1
"KT119634",6272,1
"EU853584",6272,1
"EU853585",6272,1
"EU853586",6272,1
"DQ431270",0,0
"AF079906",0,0
"DQ431376",0,0
"DQ431377",0,0
"DQ431378",0,0
"DQ431380",0,0
"DQ431381",0,0
"DQ431382",0,0
"LC380206",0,0
"KT119776",0,0
"U22638",0,0
"KX148103",0,0
"U22633",0,0
"KY563717",0,0
"KT336434",0,0
"KY563715",0,0
"LC380150",0,0
"LC380151",0,0
"LC380092",6301,0
"LC380117",6301,1
"LC380126",6301,1
"LC380147",0,0
"LC380230",6303,0
"LC380227",6303,1
"LC380225",6303,1
"LC380221",6303,1
"U22861",0,0
"KR906746",6309,0
"KR906747",6309,1
"KR906751",6309,1
"KR906757",6309,1
"LC682844",6313,1
"LC682849",6313,0
"LC682852",6313,1
"MT454644",0,0
"MW248384",0,0
"MW349550",0,0
"LC682847",0,0
"LC682843",6320,1
"LC682845",6320,0
"LC682855",0,0
"LC683170",6325,1
"LC683172",6325,1
"LC683171",6325,1
"LC683164",6325,1
"LC683165",6325,1
"LC683160",6325,0
"LC683159",6325,1
"LC683162",6325,1
"LC683161",6325,1
"LC683174",6325,1
"LC683177",6325,1
"LC683167",6325,1
"AF177070",0,0
"AF177060",0,0
"AF177064",0,0
"AF177069",0,0
"KM262040",0,0
"AF177056",0,0
"MF425807",6339,1
"MN602880",6339,0
"MF425793",6339,1
"MF425806",6339,1
"DQ431405",0,0
"AF177109",0,0
"LC682826",0,0
"LC682825",0,0
"LC683166",6344,0
"LC683169",6344,1
"LC683185",6346,1
"LC683176",6346,1
"LC683179",6346,1
"LC683183",6346,1
"LC683184",6346,0
"LC683181",0,0
"KM262041",0,0
"LC682823",0,0
"LC682827",0,0
"MZ418100",6353,1
"MZ418101",6353,1
"MZ418103",6353,0
"LC682829",0,0
"LC682841",0,0
"JF327498",0,0
"KY563716",6362,1
"AY605006",6362,0
"LC380222",6364,0
"LC380228",6364,1
"LC380220",0,0
"MF425811",6366,1
"MF425791",6366,1
"MF425792",6366,1
"MF425794",6366,1
"MF425795",6366,1
"MF425796",6366,1
"MF425798",6366,1
"MF425800",6366,0
"MF425801",6366,1
"MF425802",6366,1
"MF425804",6366,1
"MF425805",6366,1
"MF425808",6366,1
"MF425809",6366,1
"MF425810",6366,1
"AF177067",0,0
"AF177072",0,0
"AF177073",0,0
"AF177074",0,0
"AF177075",0,0
"AF177083",0,0
"AF177087",0,0
"AF177089",0,0
"AF177090",0,0
"AF177092",0,0
"AF177093",0,0
"AF177094",0,0
"AF177096",0,0
"AY605005",0,0
"AF177065",0,0
"LC380223",6372,0
"LC380224",6372,1
"AF177055",0,0
"AF177057",0,0
"AY605014",0,0
"LC380101",0,0
"LC380152",0,0
"LC380144",0,0
"LC380156",0,0
"LC380146",0,0
"MW248385",0,0
"AY605041",0,0
"AF177088",0,0
"KT336435",0,0
"U22856",0,0
"AF177066",0,0
"AF177084",0,0
"LC380103",6386,0
"LC380139",6386,1
"KT336437",0,0
"KU739040",0,0
"LC380235",6390,1
"LC380232",6390,1
"LC380233",6390,0
"LC380226",0,0
"LC380234",0,0
"EF686123",0,0
"EF686116",0,0
"KY553269",0,0
"KY553271",0,0
"LC380159",0,0
"LC380148",0,0
"LC380118",0,0
"LC380091",0,0
"LC380093",0,0
"LC380158",0,0
"LC380130",0,0
"LC380142",0,0
"LC380145",0,0
"LC380149",0,0
"LC380157",0,0
"LC380094",0,0
"LC380095",0,0
"LC380125",0,0
"LC380153",0,0
"LC380120",0,0
"LC380133",0,0
"KY553267",0,0
"HM179504",0,0
"HQ266628",0,0
"MG458318",0,0
"HQ266609",0,0
"LC380229",0,0
"HQ266620",0,0
"EF686136",0,0
"EF686138",0,0
"EF686143",0,0
"EF686147",0,0
"HM060256",0,0
"HM060259",0,0
"EF686085",0,0
"EF686095",0,0
"EF686098",0,0
"EF686119",0,0
"EF686120",0,0
"EF686124",0,0
"EU099926",6411,1
"EU099924",6411,0
"EU099925",6411,1
"KC535505",0,0
"EF686150",0,0
"EF686152",0,0
"GU808512",0,0
"GU808513",0,0
"GU808514",0,0
"GU808515",0,0
"GU808516",0,0
"GU808517",0,0
"GU808518",0,0
"GU808519",0,0
"GU808520",0,0
"GU808521",0,0
"GU808522",0,0
"GU808523",0,0
"GU808524",0,0
"HM060254",0,0
"HM060255",0,0
"HM060257",0,0
"HM060258",0,0
"FJ842741",0,0
"EF686082",0,0
"EF686089",0,0
"EF686091",0,0
"EF686094",0,0
"EF686126",0,0
"EF686127",0,0
"EF686134",0,0
"EF686135",0,0
"EF686141",0,0
"EF686149",0,0
"EF686093",0,0
"EF686128",0,0
"KM262045",6419,1
"KM262038",6419,0
"KM262042",6419,1
"DQ489896",0,0
"GQ918318",0,0
"FJ842754",0,0
"KC660343",6429,1
"KC660340",6429,1
"KC660341",6429,1
"KC660349",6429,1
"KC660344",6429,1
"KC660348",6429,0
"KC660342",0,0
"EF686102",0,0
"EF686079",0,0
"EF686103",0,0
"GQ983434",0,0
"EF686071",0,0
"EF686078",0,0
"KC660345",0,0
"KC660346",6439,0
"KC660347",6439,1
"FJ842724",0,0
"FJ842725",0,0
"FJ842727",0,0
"FJ842728",0,0
"FJ842729",0,0
"FJ842730",0,0
"FJ842731",0,0
"FJ842732",0,0
"FJ842733",0,0
"FJ842734",0,0
"FJ842735",0,0
"FJ842736",0,0
"FJ842740",0,0
"FJ842742",0,0
"FJ842743",0,0
"FJ842746",0,0
"FJ842747",0,0
"FJ842748",0,0
"FJ842749",0,0
"FJ842750",0,0
"FJ842751",0,0
"FJ842753",0,0
"FJ842756",0,0
"FJ842757",0,0
"FJ842758",0,0
"FJ842759",0,0
"FJ842760",0,0
"FJ842761",0,0
"FJ842762",0,0
"FJ842763",0,0
"JX411741",0,0
"FJ842721",0,0
"FJ842722",0,0
"FJ842723",0,0
"FJ842726",0,0
"EF686097",0,0
"EF686101",0,0
"EF686106",0,0
"EF686140",0,0
"EF686146",0,0
"GQ918302",0,0
"GQ983436",0,0
"GQ983437",0,0
"GQ983438",0,0
"GQ983454",0,0
"AF177098",0,0
"KM262037",0,0
"EF686057",0,0
"EF686068",0,0
"EF686077",0,0
"EF686080",0,0
"EF686086",0,0
"EF686096",0,0
"GQ918301",0,0
"FJ842737",0,0
"FJ842738",0,0
"FJ842739",0,0
"FJ842744",0,0
"FJ842745",0,0
"FJ842752",0,0
"FJ842755",0,0
"EF686125",0,0
"KM262043",6444,1
"KM262049",6444,1
"KM262048",6444,1
"KM262047",6444,0
"MW349549",6444,1
"JF747616",6452,1
"KJ744309",6452,1
"JF747617",6452,1
"KP994606",6452,1
"JF747615",6452,1
"KP994597",6452,0
"KP994598",6452,1
"KJ744307",6452,1
"KJ744304",6452,1
"KJ744306",6452,1
"KJ744308",6452,1
"KJ744302",6452,1
"KJ744303",6452,1
"KJ744310",6452,1
"MK858225",6452,1
"MK858226",6452,1
"HM179508",0,0
"KP994619",6469,1
"MK858232",6469,0
"MK858231",6469,1
"HM179505",0,0
"KT891999",6473,1
"KT892000",6473,1
"KP994607",6473,1
"KP994617",6473,1
"KT891998",6473,1
"KT892003",6473,1
"KT892004",6473,1
"KT892001",6473,1
"KT892005",6473,1
"JF747613",6473,1
"KJ744305",6473,1
"KP994600",6473,1
"KP994610",6473,1
"KP994611",6473,1
"KP994616",6473,1
"KP994620",6473,1
"KP994621",6473,1
"MK858228",6473,0
"KT892002",6473,1
"MT454631",6490,1
"KP994609",6490,1
"MT454641",6490,1
"KC660230",6490,1
"MT454639",6490,1
"MT454648",6490,1
"MT454654",6490,1
"MT454653",6490,1
"KP994608",6490,0
"MT454652",6490,1
"MT454636",6490,1
"MT454634",6490,1
"MT454637",0,0
"KC660188",6503,1
"KC660207",6503,1
"KC660275",6503,1
"KC660258",6503,1
"KC660161",6503,0
"KC660210",6503,1
"KC660180",0,0
"KC660167",6517,1
"KC660160",6517,1
"KC660262",6517,1
"MW413404",6517,1
"KC660279",6517,0
"KC660245",6517,1
"MF197282",6517,1
"KC660278",6517,1
"KC660179",6526,1
"KC660248",6526,1
"KC660234",6526,1
"KC660235",6526,0
"KC660201",6526,1
"KC660220",6526,1
"KC660221",6526,1
"GQ918286",6526,1
"GQ918325",0,0
"GQ983447",0,0
"AF177100",0,0
"AF177117",0,0
"GQ983452",6537,1
"GQ918290",6537,1
"GQ983492",6537,1
"GQ983422",6537,1
"KC660282",6537,1
"KY681359",6537,1
"DQ786033",6537,1
"GQ983425",6537,1
"KC660280",6537,1
"KC660281",6537,1
"KC660203",6537,1
"KC660187",6537,1
"KC660233",6537,1
"KC660215",6537,0
"GQ983501",0,0
"AF177101",0,0
"AF079902",0,0
"KC660243",6554,1
"KC660244",6554,1
"KC660162",6554,1
"KC660163",6554,1
"KC660202",6554,1
"KC660205",6554,0
"KC660178",6554,1
"KC660200",6554,1
"GQ918296",6554,1
"GQ983413",6554,1
"GQ983442",6554,1
"KC660170",6562,0
"KC660168",6562,1
"KC660169",6562,1
"GQ983385",6562,1
"KC660269",6562,1
"KC660181",6562,1
"KC660165",6562,1
"KC660246",6562,1
"KC660208",6562,1
"KC660238",6562,1
"KC660213",6569,1
"KC660214",6569,1
"KC660216",6569,0
"KC660211",6569,1
"KC660212",6569,1
"KC660171",6571,1
"KC660195",6571,0
"GQ983427",6573,1
"GQ983532",6573,1
"GQ983531",6573,1
"GQ983478",6573,1
"KY681398",6573,1
"KY681366",6573,1
"KC660319",6573,1
"KC660324",6573,1
"KC660320",6573,1
"KC660321",6573,1
"KC660317",6573,1
"KC660318",6573,1
"KC660335",6573,1
"KC660334",6573,1
"KC660325",6573,1
"KC660316",6573,1
"KC660330",6573,1
"KC660331",6573,1
"KC660326",6573,1
"KC660327",6573,1
"KC660328",6573,1
"KC660329",6573,1
"KC660333",6573,1
"GQ983450",6573,1
"KC660332",6573,1
"KC660322",6573,1
"KC660323",6573,1
"KY681362",6573,1
"JQ756155",6573,1
"HQ734810",6573,1
"KY681363",6573,1
"JQ756158",6573,1
"GQ918306",6573,1
"GQ918307",6573,1
"GQ918316",6573,1
"GQ983410",6573,1
"GQ983414",6573,1
"GQ983441",6573,1
"GQ983469",6573,1
"GQ983525",6573,1
"KY681364",6573,1
"KY681369",6573,1
"JQ756140",6573,1
"JQ756152",6573,1
"KY681361",6573,1
"KY681367",6573,0
"KY681368",6573,1
"KY681370",6573,1
"JQ756127",6573,1
"JQ756128",6573,1
"JQ756129",6573,1
"JQ756130",6573,1
"JQ756131",6573,1
"JQ756132",6573,1
"JQ756133",6573,1
"JQ756134",6573,1
"JQ756135",6573,1
"JQ756136",6573,1
"JQ756138",6573,1
"JQ756139",6573,1
"JQ756141",6573,1
"JQ756142",6573,1
"JQ756146",6573,1
"JQ756147",6573,1
"JQ756148",6573,1
"JQ756149",6573,1
"JQ756150",6573,1
"JQ756151",6573,1
"JQ756153",6573,1
"JQ756154",6573,1
"JQ756156",6573,1
"JQ756157",6573,1
"JQ756159",6573,1
"JF327492",6573,1
"JF327493",6573,1
"JF327494",6573,1
"JF327495",6573,1
"JF327496",6573,1
"JF327497",6573,1
"JN227482",6573,1
"JN227483",6573,1
"JN227484",6573,1
"JN227485",6573,1
"JN227486",6573,1
"JN227487",6573,1
"KY681365",6573,1
"KY681371",6573,1
"KY681373",6573,1
"KY681374",6573,1
"KC660351",0,0
"GQ983526",6597,1
"MF197286",6597,1
"MF197279",6597,1
"MF197278",6597,0
"MF197277",6597,1
"MF197281",6597,1
"DQ431257",0,0
"KC660236",6601,1
"KY681386",6601,0
"KC660249",6602,1
"KC660338",6602,1
"KC660176",6602,1
"KC660182",6602,1
"KC660184",6602,1
"KC660185",6602,1
"KC660186",6602,1
"KC660204",6602,1
"KC660175",6602,1
"KC660183",6602,1
"KC660173",6602,1
"KC660174",6602,0
"KC660229",6602,1
"KC660177",6602,1
"KC660172",6602,1
"KC660226",6602,1
"KC660228",6602,1
"KC660231",6602,1
"KC660232",6602,1
"KC660252",6602,1
"KC660253",6602,1
"KC660227",6602,1
"KC660254",6602,1
"KC660255",6602,1
"KC660225",6602,1
"KC660297",6610,1
"KC660298",6610,1
"KC660299",6610,1
"KC660304",6610,1
"KC660302",6610,1
"KC660307",6610,1
"KC660308",6610,1
"KC660300",6610,1
"KC660301",6610,1
"KC660306",6610,1
"KC660309",6610,1
"KC660312",6610,1
"KC660293",6610,1
"KC660283",6610,1
"KC660284",6610,1
"KC660285",6610,1
"KC660286",6610,1
"KC660287",6610,1
"KC660288",6610,1
"KC660289",6610,1
"KC660290",6610,1
"KC660291",6610,1
"KC660292",6610,1
"KC660294",6610,1
"KC660295",6610,1
"KC660296",6610,1
"KC660305",6610,1
"KC660315",6610,1
"KC660303",6610,1
"KC660313",6610,1
"KC660311",6610,1
"KC660314",6610,1
"GQ983394",6610,1
"KC660310",6610,1
"KC660218",6610,1
"GQ918320",6610,0
"KC660209",6610,1
"KC660164",6610,1
"KC660166",6610,1
"KC660250",6610,1
"KC660251",6610,1
"KC660267",6610,1
"KC660268",6610,1
"KC660199",6610,1
"KC660336",6610,1
"GQ918310",6610,1
"KC660217",6610,1
"KC660241",6610,1
"KC660260",6610,1
"KC660259",6610,1
"KC660222",6610,1
"GQ983444",6610,1
"GQ983502",6610,1
"KC660266",6610,1
"KC660256",6610,1
"KC660337",6610,1
"KC660257",6610,1
"KC660224",6610,1
"KC660242",6610,1
"KC660223",6610,1
"KC660190",6610,1
"KC660196",6610,1
"KC660189",6610,1
"KC660263",6610,1
"KC660264",6610,1
"KC660265",6610,1
"KC660270",6610,1
"KC660193",6610,1
"KC660192",6610,1
"KC660247",6610,1
"KC660194",6610,1
"KC660273",6610,1
"KC660274",6610,1
"KC660271",6610,1
"KC660272",6610,1
"GQ918323",6610,1
"GQ983520",6610,1
"KC660197",6610,1
"KC660198",6610,1
"KC660191",6610,1
"KC660261",6610,1
"GQ983474",6667,1
"GQ983503",6667,1
"KC660219",6667,0
"KC660350",6667,1
"KC660240",6667,1
"KC660237",6667,1
"KC660239",6667,1
"KM262044",0,0
"GQ983402",0,0
"KY681377",6673,1
"GQ918326",6673,0
"KC660277",6674,0
"KC660276",6674,1
"KC660206",6674,1
"MT454635",6676,1
"KP994615",6676,1
"KP994601",6676,1
"KP994603",6676,1
"KP994604",6676,1
"KP994605",6676,1
"KP994612",6676,1
"KP994614",6676,1
"KP994613",6676,1
"KP994599",6676,1
"KP994602",6676,1
"KT336432",6676,0
"KT336436",0,0
"DQ431252",0,0
"DQ431253",0,0
"MF197280",0,0
"MF197285",0,0
"GQ918293",0,0
"GQ918295",0,0
"MF197283",6684,1
"MF197284",6684,0
"HQ266607",0,0
"HQ266619",0,0
"DQ431258",0,0
"KC660159",0,0
"MF197307",6693,1
"MF197294",6693,1
"MF197288",6693,0
"MF197302",0,0
"MF197303",0,0
"KY681360",0,0
"KY681410",0,0
"MF197289",0,0
"MF197293",0,0
"MF197296",0,0
"MF197304",0,0
"MF197305",0,0
"MF197306",0,0
"MF197287",0,0
"MF197297",0,0
"MF197298",0,0
"MF197299",0,0
"MF197300",0,0
"MF197301",0,0
"MF197290",6697,1
"MF197291",6697,1
"MF197292",6697,1
"MF197295",6697,0
"KC660339",0,0
"HQ266626",6700,1
"HQ266608",6700,0
"EF686131",0,0
"EF686104",0,0
"EF686113",0,0
"EF686151",0,0
"GQ983401",0,0
"GQ983461",0,0
"GQ983527",0,0
"HQ266618",0,0
"U22484",0,0
"HQ266627",0,0
"KX148203",0,0
"JF747614",0,0
"MW248386",6709,1
"MW248383",6709,0
"MW248387",6709,1
"JN016749",6711,0
"KP994618",6711,1
"LC682830",6716,0
"LC682828",6716,1
"U22860",0,0
"U22859",0,0
"LC380154",0,0
"DQ489887",6718,1
"DQ489893",6718,0
"DQ489904",6719,1
"DQ489888",6719,1
"DQ489903",6719,0
"AF369324",0,0
"JX473840",6730,1
"JQ691438",6730,0
"JX473841",6730,1
"DQ194855",6733,1
"DQ194860",6733,1
"JQ691420",6733,1
"JQ691421",6733,1
"JQ691422",6733,1
"JQ691423",6733,1
"JQ691424",6733,0
"JQ691432",6733,1
"JQ691440",6733,1
"JQ691444",6733,1
"JQ691447",6733,1
"JQ691448",6733,1
"JQ691449",6733,1
"JQ691460",6733,1
"JQ691462",6733,1
"JQ691463",6733,1
"JQ691415",6733,1
"JQ691453",6733,1
"JQ691426",6733,1
"JQ691431",6733,1
"JQ691428",6738,1
"JQ691418",6738,1
"JQ691441",6738,1
"JQ691446",6738,1
"JQ691459",6738,1
"JQ691429",6738,0
"JQ691430",6738,1
"JQ691427",6738,1
"JQ691439",6738,1
"JQ691417",6738,1
"JQ691457",6738,1
"JQ691437",6738,1
"JQ691443",6738,1
"DQ194862",6738,1
"DQ194856",6738,1
"DQ194857",6738,1
"DQ194858",6738,1
"DQ194859",6738,1
"DQ194861",6738,1
"DQ194883",6738,1
"JQ691416",6738,1
"JQ691442",6738,1
"KR534227",0,0
"DQ194889",0,0
"DQ194881",0,0
"U22632",0,0
"JQ691434",6752,1
"JQ691435",6752,1
"JQ691450",6752,1
"JQ691451",6752,0
"JQ691454",6752,1
"JQ691455",6752,1
"JQ691456",6752,1
"JQ691452",6752,1
"JX473838",6752,1
"JX473839",6752,1
"DQ194876",6755,1
"DQ194879",6755,1
"DQ194884",6755,1
"DQ194863",6755,0
"DQ194869",6755,1
"DQ194872",6755,1
"DQ194873",6755,1
"DQ194874",6755,1
"DQ194866",6756,0
"DQ194867",6756,1
"HQ266629",0,0
"KX148204",0,0
"MT454646",6762,1
"MT454649",6762,1
"MT454647",6762,1
"MT454643",6762,0
"MT454645",6762,1
"MT454651",6762,1
"MT454650",6762,1
"DQ194890",0,0
"U22649",0,0
"JQ691445",0,0
"DQ194864",6772,1
"DQ194865",6772,0
"DQ194868",6772,1
"DQ194870",6772,1
"DQ194871",6772,1
"JQ691425",6772,1
"JQ691436",6772,1
"JQ691458",6772,1
"HQ266611",0,0
"DQ194875",0,0
"KY553276",0,0
"EF686081",0,0
"EF686083",0,0
"EF686084",0,0
"EF686088",0,0
"EF686107",0,0
"EF686110",0,0
"EF686114",0,0
"EF686144",0,0
"KY553275",0,0
"DQ194882",0,0
"EF686117",0,0
"EF686130",0,0
"AF177091",0,0
"EF686137",0,0
"EF686139",0,0
"EF686046",0,0
"EF686053",0,0
"EF686054",0,0
"EF686055",0,0
"EF686069",0,0
"EF686070",0,0
"EF686073",0,0
"EF686074",0,0
"EF686075",0,0
"EF686076",0,0
"EF686092",0,0
"EF686099",0,0
"EF686100",0,0
"EF686105",0,0
"EF686108",0,0
"EF686109",0,0
"EF686112",0,0
"EF686118",0,0
"EF686129",0,0
"EF686133",0,0
"EF686142",0,0
"EF686145",0,0
"DQ431317",0,0
"DQ431318",0,0
"DQ431319",0,0
"AY605038",0,0
"AF177086",0,0
"EF686052",0,0
"EF686060",0,0
"EF686063",0,0
"EF686065",0,0
"EF686066",0,0
"EF686067",0,0
"EF686115",0,0
"EF686132",0,0
"KY553274",0,0
"EF686056",0,0
"EF686090",0,0
"EF686121",0,0
"EF686111",0,0
"EF686122",0,0
"HQ266622",0,0
"KY553277",0,0
"KY553283",0,0
"EF686059",0,0
"KY553281",0,0
"AF177103",0,0
"AF177118",0,0
"EF686051",0,0
"DQ431321",0,0
"DQ489861",6795,1
"KT892007",6795,1
"KY553263",6795,1
"KY553260",6795,1
"KY553262",6795,0
"DQ489878",6795,1
"KT892010",6795,1
"KT892011",6795,1
"KT892012",6795,1
"KT892008",6795,1
"KT892009",6795,1
"MT454642",6805,0
"MK467519",6805,1
"MK467494",6805,1
"DQ489892",6808,1
"KY553258",6808,1
"DQ489885",6808,1
"DQ489898",6808,0
"DQ489826",6808,1
"DQ489822",6812,1
"DQ489869",6812,0
"MT454638",0,0
"MK467513",0,0
"MK467520",0,0
"MK467482",0,0
"MK467511",0,0
"DQ431309",0,0
"MK467515",6820,1
"MK467491",6820,0
"DQ431307",0,0
"DQ431308",0,0
"MK467473",6824,0
"MK467500",6824,1
"DQ431310",0,0
"DQ431311",0,0
"MK467517",0,0
"MK467518",6827,0
"MK467521",6827,1
"DQ431313",0,0
"DQ489864",6831,1
"DQ489844",6831,1
"DQ194894",6831,1
"DQ489792",6831,1
"DQ489860",6831,1
"DQ489809",6831,1
"DQ489824",6831,1
"DQ489839",6831,1
"DQ489840",6831,1
"DQ489843",6831,1
"DQ489849",6831,1
"DQ489868",6831,1
"DQ489805",6831,1
"DQ489815",6831,1
"DQ489865",6831,1
"DQ489882",6831,1
"DQ489790",6831,1
"DQ489879",6831,1
"DQ489791",6831,1
"DQ489794",6831,1
"DQ489803",6831,1
"DQ489819",6831,1
"DQ489902",6831,1
"DQ489857",6831,1
"DQ489842",6831,1
"DQ489899",6831,1
"DQ489845",6831,1
"DQ489881",6831,1
"DQ489889",6831,1
"DQ489795",6831,1
"DQ489801",6831,1
"DQ489816",6831,1
"DQ489830",6831,1
"DQ489828",6831,1
"DQ489897",6831,1
"DQ489905",6831,1
"DQ489894",6831,0
"DQ489797",6831,1
"DQ489800",6831,1
"DQ489895",6831,1
"DQ489806",6831,1
"DQ194901",6831,1
"DQ489846",6831,1
"DQ489825",6831,1
"DQ489818",6831,1
"DQ489820",6831,1
"DQ489827",6831,1
"DQ489804",6831,1
"DQ489814",6831,1
"DQ489867",6831,1
"DQ489891",6831,1
"DQ489831",6831,1
"DQ194902",6831,1
"DQ489793",6831,1
"DQ489890",6831,1
"DQ489863",6831,1
"DQ489789",6831,1
"DQ489817",6831,1
"DQ489823",6831,1
"DQ489808",6831,1
"DQ489835",6831,1
"DQ489837",6831,1
"DQ489834",6831,1
"JQ691433",0,0
"DQ194900",0,0
"DQ489810",0,0
"AF369299",0,0
"MK467504",6879,1
"MK467505",6879,1
"MK467508",6879,1
"MK467497",6879,1
"MK467501",6879,0
"DQ194892",6879,1
"DQ431392",0,0
"DQ431393",0,0
"MT454632",0,0
"MT454640",0,0
"AF177113",0,0
"MT454633",6885,1
"MK467495",6885,0
"DQ489833",6886,1
"DQ489866",6886,0
"DQ489850",6886,1
"DQ489859",6888,0
"DQ489884",6888,1
"DQ194893",6888,1
"DQ489802",6888,1
"DQ489900",6891,1
"DQ489838",6891,1
"DQ489799",6891,1
"DQ489853",6891,1
"DQ489858",6891,1
"DQ489901",6891,1
"DQ489875",6891,1
"DQ489870",6891,1
"DQ489871",6891,1
"DQ489876",6891,1
"DQ489872",6891,1
"DQ489811",6891,1
"DQ489812",6891,1
"DQ489813",6891,1
"DQ489874",6891,1
"DQ489829",6891,1
"DQ489832",6891,1
"DQ489821",6891,1
"DQ489883",6891,1
"DQ489877",6891,1
"DQ489807",6891,1
"DQ489873",6891,1
"DQ489886",6891,1
"DQ489855",6891,1
"DQ489854",6891,1
"DQ489856",6891,1
"DQ489841",6891,1
"DQ489847",6891,1
"DQ489848",6891,1
"DQ489851",6891,0
"DQ489852",6891,1
"DQ194895",6891,1
"DQ489862",6891,1
"LC380128",0,0
"KY553257",6920,1
"DQ489880",6920,1
"DQ489798",6920,0
"KY553264",6920,1
"DQ489796",6920,1
"KY553259",6920,1
"KT892006",6920,1
"HM179507",6920,1
"KY553256",6920,1
"DQ431403",0,0
"AF177107",0,0
"DQ431368",0,0
"LC380187",6944,0
"LC380192",6944,1
"LC380203",6944,1
"MK467468",0,0
"DQ431326",0,0
"DQ431327",0,0
"DQ431329",0,0
"DQ431330",0,0
"DQ431331",0,0
"DQ431333",0,0
"DQ431334",0,0
"DQ431394",0,0
"DQ431396",0,0
"MK467474",0,0
"DQ431335",0,0
"DQ431336",0,0
"DQ431337",0,0
"DQ431338",0,0
"DQ431339",0,0
"DQ431342",0,0
"DQ431343",0,0
"DQ431344",0,0
"DQ431340",0,0
"MK467490",6950,0
"MK467496",6950,1
"DQ431266",0,0
"DQ431274",0,0
"MK467464",0,0
"DQ431303",0,0
"MK467512",0,0
"MK467476",0,0
"MK467503",0,0
"DQ431305",0,0
"MK467499",0,0
"MK467466",0,0
"DQ431300",0,0
"DQ431391",0,0
"DQ431278",0,0
"MK467481",0,0
"DQ431277",0,0
"DQ431282",0,0
"DQ431283",0,0
"DQ431275",0,0
"DQ431276",0,0
"DQ431279",0,0
"DQ431281",0,0
"DQ431280",0,0
"AF177112",0,0
"DQ431346",0,0
"MK467463",0,0
"MK467465",0,0
"MK467467",0,0
"MK467469",0,0
"MK467470",0,0
"MK467472",0,0
"MK467475",0,0
"MK467480",0,0
"DQ431261",0,0
"DQ431262",0,0
"DQ431269",0,0
"DQ431272",0,0
"DQ431284",0,0
"DQ431285",0,0
"DQ431286",0,0
"DQ431287",0,0
"DQ431288",0,0
"DQ431289",0,0
"DQ431290",0,0
"DQ431291",0,0
"DQ431294",0,0
"DQ431301",0,0
"DQ431359",0,0
"DQ431360",0,0
"DQ431361",0,0
"DQ431364",0,0
"DQ431365",0,0
"DQ431367",0,0
"DQ431369",0,0
"DQ431371",0,0
"DQ431372",0,0
"DQ431374",0,0
"DQ431375",0,0
"DQ431383",0,0
"DQ431384",0,0
"DQ431386",0,0
"DQ431389",0,0
"DQ431390",0,0
"DQ431398",0,0
"DQ431399",0,0
"AF177097",0,0
"AF177115",0,0
"DQ786032",0,0
"MK467461",0,0
"MK467462",0,0
"MK467514",0,0
"DQ431259",0,0
"DQ431260",0,0
"DQ431366",0,0
"DQ431356",0,0
"AF177102",0,0
"LC380199",6967,1
"LC380207",6967,0
"LC380177",6967,1
"LC380165",6967,1
"LC380193",6967,1
"AF177108",0,0
"HQ266610",0,0
"AF369307",0,0
"KY553280",0,0
"AF177077",0,0
"HQ266625",0,0
"KF831554",6981,1
"KF831529",6981,1
"KY553265",6981,0
"KY563718",6981,1
"HM179506",6985,1
"KY553261",6985,0
"KF831555",6986,0
"KY553268",6986,1
"KY553270",6986,1
"KY553272",6988,0
"KT336433",6988,1
"AF177080",0,0
"EF686050",0,0
"AF177059",0,0
"AF177079",0,0
"AF177104",0,0
"KY553282",0,0
"KY553279",0,0
"AF177078",0,0
"AF177081",0,0
"AF177082",0,0
"AF177061",0,0
"AF177062",0,0
"HQ266621",0,0
"LC380172",6998,1
"LC380197",6998,1
"LC380162",6998,1
"LC380161",6998,1
"LC380163",6998,0
"LC380186",6998,1
"LC380189",6998,1
"LC380196",6998,1
"LC380190",6998,1
"LC380191",6998,1
"LC380173",6998,1
"AB572988",6998,1
"LC380217",0,0
"LC380231",7009,0
"LC380236",7009,1
"MF425799",7009,1
"MN602878",7009,1
"MN602879",7009,1
"AF177068",0,0
"MF425813",0,0
"AB572962",7018,0
"AB572969",7018,1
"LC380171",7022,1
"LC380194",7022,0
"MK467487",7025,0
"MK467479",7025,1
"MK467483",7025,1
"AB572987",0,0
"AB572963",7026,1
"AB572986",7026,0
"AB572964",7027,1
"AB572965",7027,0
"AB572966",7027,1
"AB572967",0,0
"AB572994",7028,1
"AB572978",7028,1
"LC380205",7028,1
"LC380208",7028,1
"LC380209",7028,0
"LC380210",7028,1
"LC380213",7028,1
"AB572981",7028,1
"AB572979",7028,1
"AB572980",7028,1
"AB572968",7035,1
"AB572985",7035,1
"LC380168",7035,1
"LC380176",7035,1
"AB572970",7035,1
"AB572971",7035,1
"AB572972",7035,1
"AB572973",7035,1
"AB572974",7035,1
"AB572975",7035,1
"AB572976",7035,1
"AB572977",7035,1
"AB572983",7035,1
"AB572984",7035,1
"AB572989",7035,1
"AB572990",7035,1
"AB572991",7035,1
"AB572995",7035,1
"LC380174",7035,1
"AB572982",7035,0
"LC380175",7035,1
"AB572992",7042,1
"AB572993",7042,0
"LC380166",0,0
"DQ431293",0,0
"LC380167",0,0
"AB572996",0,0
"LC380195",0,0
"MK467477",7046,0
"MK467478",7046,1
"LC380198",0,0
"LC683173",7049,1
"LC683175",7049,0
"LC380164",7050,0
"LC380211",7050,1
"AB284514",7054,1
"LC380136",7054,1
"LC380113",7054,1
"LC380090",7054,1
"LC380131",7054,1
"LC380089",7054,1
"AB572955",7054,1
"AB572956",7054,1
"AB572959",7054,1
"AB572930",7054,1
"AB572954",7054,1
"AB572944",7054,1
"AB572960",7054,1
"LC380140",7054,1
"LC380111",7054,1
"AB572953",7054,1
"AB572942",7054,1
"AB572952",7054,1
"LC380096",7054,1
"LC380114",7054,1
"AB284508",7054,1
"AB572951",7054,1
"AB572961",7054,1
"AB572940",7054,1
"AB572941",7054,1
"AB572943",7054,1
"AB572950",7054,1
"AB284512",7054,1
"AB284515",7054,1
"AB572958",7054,1
"AB572945",7054,1
"AB572957",7054,1
"AB284511",7054,1
"AB572935",7054,1
"AB572937",7054,1
"AB572938",7054,1
"AB572939",7054,1
"AB572946",7054,1
"AB572947",7054,1
"AB572949",7054,1
"AB572948",7054,1
"AB572933",7054,1
"AB572936",7054,1
"AB572929",7054,1
"AB284507",7054,1
"AB284510",7054,1
"AB285215",7054,1
"AB284509",7054,0
"AB572931",7054,1
"AB284513",7054,1
"AB284516",7054,1
"LC380119",7089,1
"LC380135",7089,1
"LC380129",7089,1
"AB572928",7089,1
"LC380122",7089,1
"LC380127",7089,0
"LC380102",0,0
"LC380155",0,0
"LC380143",0,0
"LC380160",0,0
"LC380106",7097,1
"LC380108",7097,1
"AB572934",7097,0
"LC380107",7097,1
"LC380104",7097,1
"U22857",0,0
"KP257624",7104,1
"MN264703",7104,1
"MN264694",7104,1
"MN264706",7104,1
"MN264711",7104,1
"MN264695",7104,0
"MN264691",7104,1
"MN264693",7104,1
"MN264692",7104,1
"MN264696",7104,1
"MN264697",7104,1
"MN264699",7104,1
"MN264701",7104,1
"MN264704",7104,1
"MN264705",7104,1
"MN264707",7104,1
"MN264708",7104,1
"MN264709",7104,1
"MN264710",7104,1
"MN264700",7104,1
"MN264698",7104,1
"MN264702",7104,1
"JQ691419",7114,1
"DQ194877",7114,0
"DQ194878",7114,1
"LC380115",0,0
"DQ194880",0,0
"DQ900550",0,0
"HM368094",0,0
"DQ900565",7123,1
"DQ900561",7123,0
"EU296434",0,0
"LT909534",0,0
"DQ900563",7127,1
"DQ900578",7127,1
"DQ900562",7127,0
"DQ900564",7127,1
"EU296441",0,0
"KX148206",0,0
"DQ900570",0,0
"DQ900579",0,0
"LT909528",0,0
"DQ900557",7134,0
"DQ900549",7134,1
"AF177106",0,0
"KY210252",7136,1
"KY210245",7136,1
"KR906790",7136,1
"DQ900572",7136,1
"KY210311",7136,0
"DQ900577",7136,1
"DQ900576",7136,1
"KY210263",7136,1
"KR534252",7136,1
"KR906779",7136,1
"KY210309",7136,1
"DQ900569",7147,1
"DQ900556",7147,1
"KR906744",7147,1
"DQ900558",7147,1
"DQ900575",7147,0
"KR906739",7147,1
"DQ900573",0,0
"DQ900574",0,0
"DQ900571",0,0
"KX148207",0,0
"KJ133663",0,0
"DQ900552",0,0
"DQ900551",0,0
"AF369275",0,0
"DQ900559",7161,0
"DQ900547",7161,1
"DQ900548",7161,1
"DQ900560",7161,1
"AB505874",0,0
"KC792032",0,0
"MN726831",0,0
"MW055045",7170,1
"MN726814",7170,1
"MW055116",7170,1
"MW055044",7170,0
"MW055115",7170,1
"U22645",0,0
"U22647",0,0
"AY502136",7178,1
"AY502139",7178,0
"AY502138",7178,1
"U22858",0,0
"MN726821",7180,0
"MW055046",7180,1
"MW055117",7181,1
"MW055113",7181,1
"MW055114",7181,0
"MN726816",7184,1
"MW055042",7184,0
"KY210306",7190,1
"KY210281",7190,1
"KY210282",7190,1
"KR906774",7190,0
"KR534251",7190,1
"KY210285",7194,0
"KR906785",7194,1
"KR534238",7194,1
"KR534228",7194,1
"KR534231",7194,1
"KR534234",0,0
"KR534266",7201,0
"KR534223",7201,1
"KR534255",7201,1
"AY502137",0,0
"KR906759",0,0
"KR906743",0,0
"KY210280",0,0
"KY210223",0,0
"KR906734",7202,0
"KR534219",7202,1
"KY210264",7205,1
"KY210253",7205,1
"KY210254",7205,1
"KY210255",7205,0
"KY210256",7205,1
"KY210266",7205,1
"MW055043",7209,0
"MW055047",7209,1
"MN726833",0,0
"KY210294",7211,1
"KR906784",7211,1
"KY210227",7211,1
"KY210261",7211,1
"KR906777",7211,1
"KY210277",7211,1
"KY210310",7211,1
"KY210283",7211,1
"KY210284",7211,0
"KR906770",7211,1
"KY210233",7211,1
"KY210279",7211,1
"KR534230",7211,1
"KY210304",7211,1
"KY210240",7211,1
"KY210237",7211,1
"KR906776",7211,1
"KR906789",7211,1
"KY210257",7211,1
"KY210274",7211,1
"KY210269",7211,1
"KY210270",7211,1
"KY210242",7211,1
"KR906769",0,0
"AB572932",7235,1
"LC380112",7235,1
"LC380098",7235,1
"LC380097",7235,1
"LC380124",7235,1
"LC380123",7235,1
"AB572927",7235,1
"LC380141",7235,1
"LC380105",7235,1
"LC380099",7235,1
"LC380100",7235,1
"LC380116",7235,0
"LC380110",7235,1
"KY210275",0,0
"EU853583",0,0
"KX148205",7251,1
"EU853582",7251,0
"LC380204",0,0
"DQ431349",0,0
"DQ431351",0,0
"DQ431348",0,0
"DQ431350",0,0
"DQ431397",0,0
"DQ431298",0,0
"LC380212",0,0
"LC380109",0,0
"KJ133687",0,0
"KR906736",0,0
"KR906763",7265,1
"KR906765",7265,1
"KR906764",7265,0
"KR906735",0,0
"MW074784",0,0
"KR906766",0,0
"LC380202",7268,1
"LC380200",7268,1
"LC380201",7268,1
"LC380188",7268,0
"KJ133680",7272,1
"KJ133678",7272,1
"KJ133685",7272,1
"KJ133671",7272,1
"KJ133670",7272,1
"KJ133673",7272,1
"KJ133684",7272,0
"KJ133665",7272,1
"KJ133661",7272,1
"KJ133664",7272,1
"KJ133677",7272,1
"KJ133681",7272,1
"LC029894",7272,1
"KJ133675",7272,1
"KJ133666",7272,1
"EU296442",0,0
"AF177095",0,0
"EF686064",0,0
"GQ918313",0,0
"AF177053",0,0
"AF177054",0,0
"AF177076",0,0
"AF177085",0,0
"LC029892",7289,1
"LC029895",7289,1
"LC029891",7289,1
"AB505877",7289,1
"AB505878",7289,1
"AB505875",7289,1
"AB505876",7289,0
"KJ133662",7289,1
"KJ133679",7289,1
"LC029897",7289,1
"LC029893",7289,1
"KJ133682",7289,1
"LC029896",7289,1
"LC029889",7289,1
"AB505880",7289,1
"KR906762",7305,1
"KR906768",7305,1
"MN726804",7305,1
"KF155002",7305,1
"KR906742",7305,1
"KR906754",7305,1
"KR906750",7305,1
"MG407534",7305,1
"MG407551",7305,1
"MN726826",7305,1
"MN726824",7305,1
"MN726827",7305,1
"KR534260",7305,1
"KR534264",7305,1
"KR534265",7305,1
"KR906740",7305,1
"DQ900568",7305,1
"MG407544",7305,1
"MG407547",7305,1
"MG407539",7305,1
"MG407550",7305,1
"MG407552",7305,1
"MG407538",7305,1
"DQ900555",7305,0
"MG407529",7305,1
"MG407535",7305,1
"MG407536",7305,1
"MG407549",7305,1
"MG407533",7305,1
"KR534263",7305,1
"KR534226",7305,1
"KR534261",7305,1
"KR534259",7305,1
"MG407541",7305,1
"MG407545",7305,1
"MG407546",7305,1
"MG407537",7305,1
"MG407540",7305,1
"MG407531",7305,1
"MG407542",7305,1
"MG407543",7305,1
"MG407548",7305,1
"MG407530",7305,1
"MG407532",7305,1
"KR906767",7305,1
"EU296438",7305,1
"EU296437",7305,1
"EU296436",7305,1
"DQ900553",7305,1
"EU296439",7305,1
"EU296440",7305,1
"EU296443",7305,1
"KR534262",0,0
"KR906761",0,0
"MW074786",0,0
"DQ900566",0,0
"KR906753",7345,1
"KR906741",7345,0
"KR534225",0,0
"DQ431385",0,0
"KR534239",0,0
"KU055522",7348,1
"KU055523",7348,0
"KR906749",0,0
"KR906775",0,0
"LT909536",0,0
"AF177063",0,0
"DQ900554",0,0
"KR906745",0,0
"MW055048",0,0
"DQ431402",0,0
"EF686058",0,0
"EF686072",0,0
"KR534221",0,0
"KY210221",0,0
"KY210220",7364,0
"KR534218",7364,1
"KR534220",7364,1
"EF686062",0,0
"KY210222",7367,0
"KR534217",7367,1
"KR906737",0,0
"KR906783",0,0
"KR906738",0,0
"KR906786",0,0
"KY210287",7372,1
"KY210295",7372,1
"KY210296",7372,0
"KY210288",7372,1
"KR906781",7372,1
"KY210268",7372,1
"MN726825",7372,1
"MN726815",7372,1
"KY210278",7372,1
"KR906778",7372,1
"KR534257",7372,1
"KR534258",7372,1
"KY210308",7372,1
"KY210286",7372,1
"KR906780",7372,1
"KR906773",7372,1
"KR534253",7372,1
"EU296435",7372,1
"MN726835",7372,1
"MN726818",7372,1
"MN726817",7372,1
"MN726808",7372,1
"MN726820",7372,1
"KY210228",0,0
"DQ431352",0,0
"AF177119",0,0
"KJ133674",7399,0
"KJ133686",7399,1
"MK467471",0,0
"JF327500",7402,1
"JF327501",7402,1
"JF327502",7402,1
"JF327503",7402,1
"MW413399",7402,0
"DQ431316",0,0
"AF177111",0,0
"KY210236",7404,1
"KR534250",7404,1
"KY210230",7404,1
"KY210226",7404,1
"KR906792",7404,1
"KY210298",7404,1
"KY210297",7404,1
"KR906788",7404,1
"KR534243",7404,1
"HQ660808",7404,1
"HQ660809",7404,1
"KR534222",7404,1
"KY210305",7404,1
"KY210244",7404,1
"KY210265",7404,1
"KY210273",7404,1
"KY210276",7404,1
"KY210248",7404,1
"KR534256",7404,1
"KY210303",7404,0
"KY210262",7404,1
"KY210224",7404,1
"KR534236",7404,1
"KR534237",7404,1
"KR534235",7404,1
"DQ900567",7426,1
"KR534229",7426,1
"KR534233",7426,1
"KR906760",7426,1
"KR906772",7426,1
"KR534232",7426,1
"KY210267",7426,1
"KR906756",7426,1
"KR906782",7426,1
"KY210259",7426,1
"KY210238",7426,1
"KR534247",7426,1
"KR534254",7426,1
"KY210291",7426,1
"KY210229",7426,1
"KY210250",7426,1
"KY210251",7426,1
"KY210239",7426,1
"KY210247",7426,1
"KY210246",7426,1
"KY210272",7426,1
"KY210290",7426,1
"KR906755",7426,1
"KR906758",7426,1
"KR906787",7426,1
"KY210300",7426,1
"KY210258",7426,1
"KY210234",7426,1
"KY210241",7426,1
"KY210243",7426,1
"KR906771",7426,1
"KY210225",7426,1
"KY210271",7426,1
"KY210301",7426,1
"KY210249",7426,0
"KY210260",7426,1
"KY210292",7426,1
"KY210293",7426,1
"KY210302",7426,1
"KY210299",7426,1
"KY210289",7426,1
"KY210307",7426,1
"KR534249",7426,1
"KY210232",7426,1
"KY210235",7426,1
"KR534244",7426,1
"KR534248",7426,1
"KY210231",7426,1
"KR534245",7426,1
"KR534246",0,0
